,1,2,3,4,5
7,"Hunt for Red October, The (1990)",Enemy of the State (1998),Heat (1995),Demolition Man (1993),Star Wars: Episode V - The Empire Strikes Back (1980)
18,"Hunt for Red October, The (1990)",Heat (1995),Demolition Man (1993),"Rock, The (1996)",Star Wars: Episode V - The Empire Strikes Back (1980)
24,"Rock, The (1996)",X-Men (2000),Enemy of the State (1998),Speed (1994),Star Wars: Episode V - The Empire Strikes Back (1980)
31,Star Wars: Episode V - The Empire Strikes Back (1980),Heat (1995),Enemy of the State (1998),Total Recall (1990),Demolition Man (1993)
37,Total Recall (1990),Star Wars: Episode V - The Empire Strikes Back (1980),Gladiator (2000),"Hunt for Red October, The (1990)",Demolition Man (1993)
85,Star Wars: Episode V - The Empire Strikes Back (1980),Enemy of the State (1998),Speed (1994),"Rock, The (1996)",Demolition Man (1993)
86,Heat (1995),Star Wars: Episode V - The Empire Strikes Back (1980),Enemy of the State (1998),Speed (1994),"Rock, The (1996)"
127,X-Men (2000),Star Wars: Episode V - The Empire Strikes Back (1980),Enemy of the State (1998),Speed (1994),"Rock, The (1996)"
143,X-Men (2000),Demolition Man (1993),Star Wars: Episode V - The Empire Strikes Back (1980),Enemy of the State (1998),Speed (1994)
157,X-Men (2000),"Rock, The (1996)",Star Wars: Episode V - The Empire Strikes Back (1980),Speed (1994),Enemy of the State (1998)
181,"Rock, The (1996)",Heat (1995),Star Wars: Episode V - The Empire Strikes Back (1980),X-Men (2000),Demolition Man (1993)
198,"Hunt for Red October, The (1990)","Rock, The (1996)",X-Men (2000),Star Wars: Episode V - The Empire Strikes Back (1980),Demolition Man (1993)
218,Star Wars: Episode V - The Empire Strikes Back (1980),Enemy of the State (1998),Speed (1994),"Rock, The (1996)",Demolition Man (1993)
221,"Rock, The (1996)",Enemy of the State (1998),Demolition Man (1993),Speed (1994),"Hunt for Red October, The (1990)"
224,Gladiator (2000),Star Wars: Episode V - The Empire Strikes Back (1980),X-Men (2000),Enemy of the State (1998),Speed (1994)
263,X-Men (2000),Enemy of the State (1998),"Rock, The (1996)",Mission: Impossible (1996),Demolition Man (1993)
264,Star Wars: Episode V - The Empire Strikes Back (1980),Enemy of the State (1998),Speed (1994),Heat (1995),X-Men (2000)
283,X-Men (2000),Gladiator (2000),"Hunt for Red October, The (1990)",Demolition Man (1993),Speed (1994)
321,Terminator 2: Judgment Day (1991),Star Wars: Episode V - The Empire Strikes Back (1980),Gladiator (2000),Demolition Man (1993),Heat (1995)
360,Star Wars: Episode V - The Empire Strikes Back (1980),Gladiator (2000),Demolition Man (1993),Heat (1995),"Hunt for Red October, The (1990)"
363,"Hunt for Red October, The (1990)",Speed (1994),Enemy of the State (1998),Mission: Impossible (1996),"Rock, The (1996)"
368,Star Wars: Episode V - The Empire Strikes Back (1980),X-Men (2000),Demolition Man (1993),"Hunt for Red October, The (1990)",Gladiator (2000)
372,"Rock, The (1996)",Mission: Impossible (1996),X-Men (2000),Star Wars: Episode V - The Empire Strikes Back (1980),Demolition Man (1993)
403,Demolition Man (1993),Terminator 2: Judgment Day (1991),"Hunt for Red October, The (1990)",Mission: Impossible (1996),Speed (1994)
404,X-Men (2000),Star Wars: Episode V - The Empire Strikes Back (1980),"Hunt for Red October, The (1990)",Heat (1995),Speed (1994)
426,Star Wars: Episode V - The Empire Strikes Back (1980),Terminator 2: Judgment Day (1991),Heat (1995),Enemy of the State (1998),Mission: Impossible (1996)
474,X-Men (2000),Star Wars: Episode V - The Empire Strikes Back (1980),Terminator 2: Judgment Day (1991),Mission: Impossible (1996),Heat (1995)
501,Enemy of the State (1998),Mission: Impossible (1996),X-Men (2000),Terminator 2: Judgment Day (1991),Demolition Man (1993)
524,Star Wars: Episode V - The Empire Strikes Back (1980),Gladiator (2000),Total Recall (1990),Demolition Man (1993),Heat (1995)
549,Total Recall (1990),X-Men (2000),Gladiator (2000),Enemy of the State (1998),Speed (1994)
604,Total Recall (1990),X-Men (2000),Gladiator (2000),"Hunt for Red October, The (1990)",Demolition Man (1993)
611,"Hunt for Red October, The (1990)",Speed (1994),Mission: Impossible (1996),Demolition Man (1993),Total Recall (1990)
618,Total Recall (1990),Star Wars: Episode V - The Empire Strikes Back (1980),X-Men (2000),Gladiator (2000),"Hunt for Red October, The (1990)"
674,X-Men (2000),Terminator 2: Judgment Day (1991),Gladiator (2000),Total Recall (1990),"Hunt for Red October, The (1990)"
714,,,,,
720,,,,,
724,,,,,
740,,,,,
757,,,,,
788,,,,,
793,,,,,
807,,,,,
853,,,,,
894,,,,,
922,,,,,
929,,,,,
938,,,,,
948,,,,,
949,,,,,
959,,,,,
970,,,,,
979,,,,,
996,,,,,
1019,,,,,
1030,,,,,
1060,,,,,
1084,,,,,
1090,,,,,
1105,,,,,
1120,,,,,
1139,,,,,
1168,,,,,
1172,,,,,
1184,,,,,
1203,,,,,
1220,,,,,
1264,,,,,
1290,,,,,
1298,,,,,
1301,,,,,
1354,,,,,
1356,,,,,
1358,,,,,
1377,,,,,
1389,,,,,
1420,,,,,
1447,,,,,
1451,,,,,
1516,,,,,
1524,,,,,
1529,,,,,
1552,,,,,
1570,,,,,
1579,,,,,
1593,,,,,
1601,,,,,
1606,,,,,
1609,,,,,
1640,,,,,
1655,,,,,
1658,,,,,
1675,,,,,
1680,,,,,
1698,,,,,
1714,,,,,
1724,,,,,
1759,,,,,
1764,,,,,
1854,,,,,
1912,,,,,
1937,,,,,
2012,,,,,
2015,,,,,
2020,,,,,
2047,,,,,
2050,,,,,
2071,,,,,
2088,,,,,
2114,,,,,
2116,,,,,
2166,,,,,
2195,,,,,
2232,,,,,
2291,,,,,
2319,,,,,
2353,,,,,
2415,,,,,
2438,,,,,
2453,,,,,
2491,,,,,
2494,,,,,
2502,,,,,
2555,,,,,
2682,,,,,
2692,,,,,
2748,,,,,
2761,,,,,
2777,,,,,
2804,,,,,
2808,,,,,
2887,,,,,
2890,,,,,
2896,,,,,
2900,,,,,
2907,,,,,
2926,,,,,
2938,,,,,
2966,,,,,
2994,,,,,
3000,,,,,
3014,,,,,
3056,,,,,
3057,,,,,
3108,,,,,
3112,,,,,
3121,,,,,
3202,,,,,
3322,,,,,
3326,,,,,
3353,,,,,
3372,,,,,
3389,,,,,
3391,,,,,
3400,,,,,
3401,,,,,
3469,,,,,
3526,,,,,
3592,,,,,
3618,,,,,
3625,,,,,
3626,,,,,
3691,,,,,
3716,,,,,
3726,,,,,
3778,,,,,
3841,,,,,
3847,,,,,
3900,,,,,
3910,,,,,
3963,,,,,
3984,,,,,
3993,,,,,
4021,,,,,
4048,,,,,
4058,,,,,
4079,,,,,
4084,,,,,
4130,,,,,
4139,,,,,
4227,,,,,
4268,,,,,
4271,,,,,
4299,,,,,
4305,,,,,
4318,,,,,
4342,,,,,
4470,,,,,
4487,,,,,
4535,,,,,
4637,,,,,
4659,,,,,
4675,,,,,
4702,,,,,
4715,,,,,
4719,,,,,
4728,,,,,
4729,,,,,
4773,,,,,
4774,,,,,
4857,,,,,
4957,,,,,
4975,,,,,
4983,,,,,
5091,,,,,
5096,,,,,
5129,,,,,
5205,,,,,
5219,,,,,
5232,,,,,
5249,,,,,
5318,,,,,
5319,,,,,
5336,,,,,
5390,,,,,
5395,,,,,
5430,,,,,
5493,,,,,
5512,,,,,
5536,,,,,
5543,,,,,
5550,,,,,
5558,,,,,
5576,,,,,
5599,,,,,
5614,,,,,
5657,,,,,
5675,,,,,
5677,,,,,
5686,,,,,
5689,,,,,
5691,,,,,
5769,,,,,
5788,,,,,
5831,,,,,
5837,,,,,
5847,,,,,
5851,,,,,
5862,,,,,
5880,,,,,
5890,,,,,
5908,,,,,
5915,,,,,
5926,,,,,
5961,,,,,
6007,,,,,
6010,,,,,
8,Speed (1994),Heat (1995),Terminator 2: Judgment Day (1991),X-Men (2000),Star Wars: Episode V - The Empire Strikes Back (1980)
163,Demolition Man (1993),Gladiator (2000),Star Wars: Episode V - The Empire Strikes Back (1980),Enemy of the State (1998),Speed (1994)
175,"Rock, The (1996)",Demolition Man (1993),Total Recall (1990),Gladiator (2000),Star Wars: Episode V - The Empire Strikes Back (1980)
205,"Hunt for Red October, The (1990)",Demolition Man (1993),"Rock, The (1996)",Enemy of the State (1998),Star Wars: Episode V - The Empire Strikes Back (1980)
236,Demolition Man (1993),Speed (1994),Total Recall (1990),Enemy of the State (1998),"Hunt for Red October, The (1990)"
295,Terminator 2: Judgment Day (1991),X-Men (2000),"Hunt for Red October, The (1990)",Gladiator (2000),Demolition Man (1993)
456,Speed (1994),"Hunt for Red October, The (1990)",Enemy of the State (1998),Mission: Impossible (1996),"Rock, The (1996)"
516,Star Wars: Episode V - The Empire Strikes Back (1980),Gladiator (2000),Total Recall (1990),Demolition Man (1993),Heat (1995)
526,Gladiator (2000),Star Wars: Episode V - The Empire Strikes Back (1980),Terminator 2: Judgment Day (1991),Total Recall (1990),Demolition Man (1993)
557,Enemy of the State (1998),Speed (1994),Total Recall (1990),Terminator 2: Judgment Day (1991),"Rock, The (1996)"
585,Total Recall (1990),"Rock, The (1996)",Mission: Impossible (1996),Speed (1994),Star Wars: Episode V - The Empire Strikes Back (1980)
608,"Hunt for Red October, The (1990)",Speed (1994),Demolition Man (1993),Enemy of the State (1998),"Rock, The (1996)"
652,"Rock, The (1996)",Heat (1995),Enemy of the State (1998),"Hunt for Red October, The (1990)",Mission: Impossible (1996)
733,,,,,
801,,,,,
808,,,,,
820,,,,,
863,,,,,
1005,,,,,
1063,,,,,
1094,,,,,
1119,,,,,
1122,,,,,
1140,,,,,
1152,,,,,
1183,,,,,
1267,,,,,
1369,,,,,
1383,,,,,
1498,,,,,
1514,,,,,
1560,,,,,
1597,,,,,
1630,,,,,
1637,,,,,
1643,,,,,
1690,,,,,
1722,,,,,
1761,,,,,
1856,,,,,
1925,,,,,
1939,,,,,
2096,,,,,
2098,,,,,
2145,,,,,
2147,,,,,
2239,,,,,
2240,,,,,
2299,,,,,
2300,,,,,
2330,,,,,
2429,,,,,
2627,,,,,
2689,,,,,
2727,,,,,
2752,,,,,
2764,,,,,
2774,,,,,
2844,,,,,
2901,,,,,
2918,,,,,
2921,,,,,
2943,,,,,
3005,,,,,
3080,,,,,
3110,,,,,
3119,,,,,
3136,,,,,
3157,,,,,
3182,,,,,
3191,,,,,
3281,,,,,
3297,,,,,
3377,,,,,
3423,,,,,
3459,,,,,
3461,,,,,
3475,,,,,
3511,,,,,
3534,,,,,
3568,,,,,
3607,,,,,
3661,,,,,
3666,,,,,
3676,,,,,
3678,,,,,
3705,,,,,
3711,,,,,
3742,,,,,
3816,,,,,
3850,,,,,
3914,,,,,
3931,,,,,
3937,,,,,
4034,,,,,
4070,,,,,
4138,,,,,
4144,,,,,
4172,,,,,
4182,,,,,
4190,,,,,
4241,,,,,
4272,,,,,
4302,,,,,
4306,,,,,
4354,,,,,
4401,,,,,
4403,,,,,
4415,,,,,
4450,,,,,
4490,,,,,
4506,,,,,
4509,,,,,
4552,,,,,
4560,,,,,
4640,,,,,
4780,,,,,
4814,,,,,
4865,,,,,
4978,,,,,
5002,,,,,
5059,,,,,
5088,,,,,
5156,,,,,
5184,,,,,
5204,,,,,
5220,,,,,
5223,,,,,
5230,,,,,
5278,,,,,
5335,,,,,
5338,,,,,
5366,,,,,
5371,,,,,
5386,,,,,
5418,,,,,
5434,,,,,
5435,,,,,
5437,,,,,
5443,,,,,
5453,,,,,
5477,,,,,
5510,,,,,
5534,,,,,
5556,,,,,
5569,,,,,
5654,,,,,
5655,,,,,
5662,,,,,
5687,,,,,
5698,,,,,
5699,,,,,
5701,,,,,
5710,,,,,
5715,,,,,
5716,,,,,
5718,,,,,
5732,,,,,
5746,,,,,
5771,,,,,
5815,,,,,
5852,,,,,
5878,,,,,
5911,,,,,
5939,,,,,
6030,,,,,
6035,,,,,
14,Heat (1995),"Hunt for Red October, The (1990)",Enemy of the State (1998),Demolition Man (1993),Speed (1994)
61,"Rock, The (1996)",Total Recall (1990),Enemy of the State (1998),Heat (1995),X-Men (2000)
63,X-Men (2000),Gladiator (2000),"Rock, The (1996)",Speed (1994),Demolition Man (1993)
76,Star Wars: Episode V - The Empire Strikes Back (1980),Enemy of the State (1998),Speed (1994),"Rock, The (1996)",Demolition Man (1993)
87,Enemy of the State (1998),"Hunt for Red October, The (1990)",Demolition Man (1993),X-Men (2000),Terminator 2: Judgment Day (1991)
142,"Hunt for Red October, The (1990)",Heat (1995),Enemy of the State (1998),Total Recall (1990),"Rock, The (1996)"
416,Star Wars: Episode V - The Empire Strikes Back (1980),Terminator 2: Judgment Day (1991),Heat (1995),Enemy of the State (1998),Mission: Impossible (1996)
508,Gladiator (2000),Star Wars: Episode V - The Empire Strikes Back (1980),Terminator 2: Judgment Day (1991),Total Recall (1990),Demolition Man (1993)
590,Total Recall (1990),Star Wars: Episode V - The Empire Strikes Back (1980),X-Men (2000),Gladiator (2000),"Hunt for Red October, The (1990)"
616,Total Recall (1990),"Hunt for Red October, The (1990)",Heat (1995),Star Wars: Episode V - The Empire Strikes Back (1980),"Rock, The (1996)"
621,Total Recall (1990),Star Wars: Episode V - The Empire Strikes Back (1980),X-Men (2000),Gladiator (2000),"Hunt for Red October, The (1990)"
671,X-Men (2000),Terminator 2: Judgment Day (1991),Gladiator (2000),Total Recall (1990),"Hunt for Red October, The (1990)"
875,,,,,
936,,,,,
1009,,,,,
1026,,,,,
1034,,,,,
1129,,,,,
1268,,,,,
1335,,,,,
1366,,,,,
1370,,,,,
1710,,,,,
1716,,,,,
1739,,,,,
1767,,,,,
1785,,,,,
1992,,,,,
2000,,,,,
2058,,,,,
2245,,,,,
2246,,,,,
2247,,,,,
2427,,,,,
2469,,,,,
2493,,,,,
2537,,,,,
2546,,,,,
2603,,,,,
2781,,,,,
2787,,,,,
2794,,,,,
2802,,,,,
2904,,,,,
3087,,,,,
3106,,,,,
3260,,,,,
3262,,,,,
3341,,,,,
3402,,,,,
3430,,,,,
3619,,,,,
3672,,,,,
3685,,,,,
3810,,,,,
3832,,,,,
3894,,,,,
3940,,,,,
3956,,,,,
3965,,,,,
3976,,,,,
4009,,,,,
4242,,,,,
4321,,,,,
4337,,,,,
4346,,,,,
4421,,,,,
4459,,,,,
4528,,,,,
4618,,,,,
4624,,,,,
4753,,,,,
4796,,,,,
4807,,,,,
4849,,,,,
4945,,,,,
5034,,,,,
5092,,,,,
5093,,,,,
5226,,,,,
5231,,,,,
5355,,,,,
5378,,,,,
5424,,,,,
5529,,,,,
5583,,,,,
5653,,,,,
5692,,,,,
5712,,,,,
5923,,,,,
206,Star Wars: Episode V - The Empire Strikes Back (1980),Heat (1995),Demolition Man (1993),Enemy of the State (1998),Speed (1994)
207,"Rock, The (1996)",X-Men (2000),Heat (1995),Star Wars: Episode V - The Empire Strikes Back (1980),Demolition Man (1993)
354,Star Wars: Episode V - The Empire Strikes Back (1980),Heat (1995),Enemy of the State (1998),"Hunt for Red October, The (1990)",Demolition Man (1993)
374,Mission: Impossible (1996),Heat (1995),Demolition Man (1993),Star Wars: Episode V - The Empire Strikes Back (1980),Gladiator (2000)
390,Star Wars: Episode V - The Empire Strikes Back (1980),X-Men (2000),"Hunt for Red October, The (1990)",Gladiator (2000),Demolition Man (1993)
643,Total Recall (1990),Mission: Impossible (1996),"Rock, The (1996)",Speed (1994),Star Wars: Episode V - The Empire Strikes Back (1980)
893,,,,,
1017,,,,,
1240,,,,,
1444,,,,,
1474,,,,,
1684,,,,,
1700,,,,,
1738,,,,,
1786,,,,,
2081,,,,,
2152,,,,,
2342,,,,,
2362,,,,,
2731,,,,,
2988,,,,,
3040,,,,,
3130,,,,,
3149,,,,,
3337,,,,,
3396,,,,,
3673,,,,,
3893,,,,,
3926,,,,,
4067,,,,,
4352,,,,,
314,Gladiator (2000),Heat (1995),Demolition Man (1993),Speed (1994),"Rock, The (1996)"
693,X-Men (2000),Terminator 2: Judgment Day (1991),Gladiator (2000),Total Recall (1990),"Hunt for Red October, The (1990)"
865,,,,,
954,,,,,
1162,,,,,
1167,,,,,
1349,,,,,
1506,,,,,
2100,,,,,
2369,,,,,
2384,,,,,
2388,,,,,
2401,,,,,
2524,,,,,
2609,,,,,
2646,,,,,
2830,,,,,
3026,,,,,
3042,,,,,
3212,,,,,
3334,,,,,
3600,,,,,
4783,,,,,
4844,,,,,
4922,,,,,
4959,,,,,
5331,,,,,
5442,,,,,
5750,,,,,
5873,,,,,
5894,,,,,
6014,,,,,
248,X-Men (2000),Terminator 2: Judgment Day (1991),"Hunt for Red October, The (1990)",Heat (1995),Mission: Impossible (1996)
394,Mission: Impossible (1996),Speed (1994),Heat (1995),Demolition Man (1993),Terminator 2: Judgment Day (1991)
400,Terminator 2: Judgment Day (1991),X-Men (2000),Enemy of the State (1998),Mission: Impossible (1996),Star Wars: Episode V - The Empire Strikes Back (1980)
418,Total Recall (1990),Heat (1995),"Hunt for Red October, The (1990)",Enemy of the State (1998),Demolition Man (1993)
576,Total Recall (1990),Star Wars: Episode V - The Empire Strikes Back (1980),X-Men (2000),Gladiator (2000),"Hunt for Red October, The (1990)"
613,Total Recall (1990),Speed (1994),"Rock, The (1996)",Mission: Impossible (1996),Star Wars: Episode V - The Empire Strikes Back (1980)
661,"Rock, The (1996)",Heat (1995),Enemy of the State (1998),"Hunt for Red October, The (1990)",Mission: Impossible (1996)
751,,,,,
1027,,,,,
1108,,,,,
1177,,,,,
1236,,,,,
1307,,,,,
1512,,,,,
1513,,,,,
1515,,,,,
1518,,,,,
1531,,,,,
1550,,,,,
1659,,,,,
1662,,,,,
1766,,,,,
1797,,,,,
1886,,,,,
1981,,,,,
1991,,,,,
2046,,,,,
2048,,,,,
2121,,,,,
2132,,,,,
2360,,,,,
2375,,,,,
2399,,,,,
2407,,,,,
2463,,,,,
2473,,,,,
2572,,,,,
2589,,,,,
2619,,,,,
2675,,,,,
2823,,,,,
2862,,,,,
2922,,,,,
3019,,,,,
3357,,,,,
3409,,,,,
3523,,,,,
3928,,,,,
4090,,,,,
4355,,,,,
4634,,,,,
4794,,,,,
4853,,,,,
4908,,,,,
4914,,,,,
5061,,,,,
5257,,,,,
5349,,,,,
5352,,,,,
5618,,,,,
5628,,,,,
5799,,,,,
5833,,,,,
6040,,,,,
1212,,,,,
1777,,,,,
2226,,,,,
2528,,,,,
3027,,,,,
3882,,,,,
4474,,,,,
4480,,,,,
5148,,,,,
5974,,,,,
513,Gladiator (2000),Total Recall (1990),Demolition Man (1993),Heat (1995),"Hunt for Red October, The (1990)"
813,,,,,
4229,,,,,
4798,,,,,
4852,,,,,
581,Total Recall (1990),X-Men (2000),Gladiator (2000),"Hunt for Red October, The (1990)",Demolition Man (1993)
728,,,,,
1081,,,,,
5164,,,,,
5297,,,,,
797,,,,,
1475,,,,,
2273,,,,,
2506,,,,,
2997,,,,,
3197,,,,,
3211,,,,,
3585,,,,,
3601,,,,,
4082,,,,,
4257,,,,,
4707,,,,,
4973,,,,,
34,"Hunt for Red October, The (1990)",Heat (1995),Star Wars: Episode V - The Empire Strikes Back (1980),Enemy of the State (1998),Speed (1994)
35,X-Men (2000),Terminator 2: Judgment Day (1991),Enemy of the State (1998),Speed (1994),Heat (1995)
75,X-Men (2000),Enemy of the State (1998),Demolition Man (1993),Star Wars: Episode V - The Empire Strikes Back (1980),Speed (1994)
114,"Hunt for Red October, The (1990)",Gladiator (2000),X-Men (2000),Total Recall (1990),Terminator 2: Judgment Day (1991)
155,X-Men (2000),Enemy of the State (1998),Heat (1995),Star Wars: Episode V - The Empire Strikes Back (1980),Speed (1994)
226,Demolition Man (1993),Total Recall (1990),Gladiator (2000),Star Wars: Episode V - The Empire Strikes Back (1980),X-Men (2000)
266,Terminator 2: Judgment Day (1991),Heat (1995),Speed (1994),Mission: Impossible (1996),"Rock, The (1996)"
286,Terminator 2: Judgment Day (1991),X-Men (2000),Enemy of the State (1998),Mission: Impossible (1996),Demolition Man (1993)
348,Star Wars: Episode V - The Empire Strikes Back (1980),Gladiator (2000),Demolition Man (1993),Heat (1995),Enemy of the State (1998)
589,Total Recall (1990),Star Wars: Episode V - The Empire Strikes Back (1980),X-Men (2000),Gladiator (2000),"Hunt for Red October, The (1990)"
656,"Rock, The (1996)",Heat (1995),Enemy of the State (1998),"Hunt for Red October, The (1990)",Mission: Impossible (1996)
682,X-Men (2000),Terminator 2: Judgment Day (1991),Gladiator (2000),Total Recall (1990),"Hunt for Red October, The (1990)"
943,,,,,
1131,,,,,
1257,,,,,
1310,,,,,
1321,,,,,
1375,,,,,
1386,,,,,
1736,,,,,
1744,,,,,
2115,,,,,
2193,,,,,
2334,,,,,
2336,,,,,
2410,,,,,
2548,,,,,
2628,,,,,
2849,,,,,
2989,,,,,
3131,,,,,
3142,,,,,
3166,,,,,
3170,,,,,
3383,,,,,
0,Star Wars: Episode V - The Empire Strikes Back (1980),Enemy of the State (1998),Speed (1994),"Rock, The (1996)",Demolition Man (1993)
1,"Hunt for Red October, The (1990)",Heat (1995),Enemy of the State (1998),Demolition Man (1993),"Rock, The (1996)"
2,"Rock, The (1996)",Enemy of the State (1998),Demolition Man (1993),Speed (1994),"Hunt for Red October, The (1990)"
3,"Rock, The (1996)",Enemy of the State (1998),Demolition Man (1993),Speed (1994),"Hunt for Red October, The (1990)"
4,"Rock, The (1996)",Enemy of the State (1998),"Hunt for Red October, The (1990)",Demolition Man (1993),Heat (1995)
5,Star Wars: Episode V - The Empire Strikes Back (1980),Terminator 2: Judgment Day (1991),Heat (1995),Enemy of the State (1998),"Rock, The (1996)"
6,"Rock, The (1996)",Enemy of the State (1998),Demolition Man (1993),Speed (1994),"Hunt for Red October, The (1990)"
9,Enemy of the State (1998),Gladiator (2000),X-Men (2000),Star Wars: Episode V - The Empire Strikes Back (1980),Speed (1994)
10,X-Men (2000),Enemy of the State (1998),Star Wars: Episode V - The Empire Strikes Back (1980),Speed (1994),"Rock, The (1996)"
11,Gladiator (2000),Heat (1995),Demolition Man (1993),"Rock, The (1996)",Star Wars: Episode V - The Empire Strikes Back (1980)
12,Star Wars: Episode V - The Empire Strikes Back (1980),Terminator 2: Judgment Day (1991),Heat (1995),Enemy of the State (1998),Demolition Man (1993)
13,"Rock, The (1996)",Enemy of the State (1998),Demolition Man (1993),Speed (1994),"Hunt for Red October, The (1990)"
15,Gladiator (2000),"Hunt for Red October, The (1990)",Demolition Man (1993),Enemy of the State (1998),Heat (1995)
16,Gladiator (2000),Heat (1995),"Rock, The (1996)",Star Wars: Episode V - The Empire Strikes Back (1980),Enemy of the State (1998)
17,"Rock, The (1996)",Enemy of the State (1998),Demolition Man (1993),Speed (1994),"Hunt for Red October, The (1990)"
19,X-Men (2000),Gladiator (2000),Terminator 2: Judgment Day (1991),Total Recall (1990),"Hunt for Red October, The (1990)"
20,"Rock, The (1996)",Enemy of the State (1998),Demolition Man (1993),Speed (1994),"Hunt for Red October, The (1990)"
21,Demolition Man (1993),Star Wars: Episode V - The Empire Strikes Back (1980),Enemy of the State (1998),Speed (1994),"Rock, The (1996)"
22,Total Recall (1990),Gladiator (2000),Heat (1995),Demolition Man (1993),Star Wars: Episode V - The Empire Strikes Back (1980)
23,Terminator 2: Judgment Day (1991),Total Recall (1990),Heat (1995),Star Wars: Episode V - The Empire Strikes Back (1980),Enemy of the State (1998)
25,Demolition Man (1993),Star Wars: Episode V - The Empire Strikes Back (1980),Enemy of the State (1998),Speed (1994),"Rock, The (1996)"
26,Enemy of the State (1998),Speed (1994),"Rock, The (1996)",Star Wars: Episode V - The Empire Strikes Back (1980),Total Recall (1990)
27,Star Wars: Episode V - The Empire Strikes Back (1980),Heat (1995),Enemy of the State (1998),"Rock, The (1996)",Speed (1994)
28,Terminator 2: Judgment Day (1991),X-Men (2000),Star Wars: Episode V - The Empire Strikes Back (1980),Enemy of the State (1998),Speed (1994)
29,Star Wars: Episode V - The Empire Strikes Back (1980),Enemy of the State (1998),Speed (1994),"Rock, The (1996)",Demolition Man (1993)
30,"Hunt for Red October, The (1990)",Enemy of the State (1998),Star Wars: Episode V - The Empire Strikes Back (1980),Speed (1994),"Rock, The (1996)"
32,X-Men (2000),"Hunt for Red October, The (1990)",Total Recall (1990),Heat (1995),Speed (1994)
33,X-Men (2000),Gladiator (2000),Enemy of the State (1998),Speed (1994),Demolition Man (1993)
36,Demolition Man (1993),Gladiator (2000),Star Wars: Episode V - The Empire Strikes Back (1980),X-Men (2000),Enemy of the State (1998)
38,Gladiator (2000),Demolition Man (1993),Heat (1995),Star Wars: Episode V - The Empire Strikes Back (1980),Enemy of the State (1998)
39,Gladiator (2000),"Hunt for Red October, The (1990)",Heat (1995),Enemy of the State (1998),"Rock, The (1996)"
40,X-Men (2000),Gladiator (2000),Terminator 2: Judgment Day (1991),Total Recall (1990),"Hunt for Red October, The (1990)"
41,Gladiator (2000),Star Wars: Episode V - The Empire Strikes Back (1980),Demolition Man (1993),Terminator 2: Judgment Day (1991),Total Recall (1990)
42,X-Men (2000),Gladiator (2000),Enemy of the State (1998),Speed (1994),Demolition Man (1993)
43,X-Men (2000),Terminator 2: Judgment Day (1991),"Rock, The (1996)",Enemy of the State (1998),Speed (1994)
44,Demolition Man (1993),Star Wars: Episode V - The Empire Strikes Back (1980),Enemy of the State (1998),Speed (1994),"Rock, The (1996)"
45,Enemy of the State (1998),Demolition Man (1993),Gladiator (2000),Star Wars: Episode V - The Empire Strikes Back (1980),Speed (1994)
46,"Rock, The (1996)",Enemy of the State (1998),Demolition Man (1993),Speed (1994),"Hunt for Red October, The (1990)"
47,"Hunt for Red October, The (1990)",Heat (1995),Enemy of the State (1998),Speed (1994),"Rock, The (1996)"
48,Star Wars: Episode V - The Empire Strikes Back (1980),Enemy of the State (1998),Speed (1994),"Rock, The (1996)",Demolition Man (1993)
49,Heat (1995),Terminator 2: Judgment Day (1991),X-Men (2000),Star Wars: Episode V - The Empire Strikes Back (1980),Total Recall (1990)
50,Star Wars: Episode V - The Empire Strikes Back (1980),Enemy of the State (1998),Speed (1994),"Rock, The (1996)",Demolition Man (1993)
51,Total Recall (1990),Terminator 2: Judgment Day (1991),Gladiator (2000),X-Men (2000),Enemy of the State (1998)
52,Star Wars: Episode V - The Empire Strikes Back (1980),Enemy of the State (1998),Speed (1994),"Rock, The (1996)",Demolition Man (1993)
53,X-Men (2000),Total Recall (1990),Enemy of the State (1998),"Rock, The (1996)",Demolition Man (1993)
54,Terminator 2: Judgment Day (1991),Heat (1995),Demolition Man (1993),Star Wars: Episode V - The Empire Strikes Back (1980),Enemy of the State (1998)
55,Star Wars: Episode V - The Empire Strikes Back (1980),Enemy of the State (1998),Heat (1995),"Hunt for Red October, The (1990)",Speed (1994)
56,X-Men (2000),Star Wars: Episode V - The Empire Strikes Back (1980),Demolition Man (1993),Total Recall (1990),Enemy of the State (1998)
57,Total Recall (1990),Star Wars: Episode V - The Empire Strikes Back (1980),Demolition Man (1993),"Rock, The (1996)",Gladiator (2000)
58,X-Men (2000),Heat (1995),Demolition Man (1993),Star Wars: Episode V - The Empire Strikes Back (1980),Enemy of the State (1998)
59,Gladiator (2000),Enemy of the State (1998),Demolition Man (1993),Heat (1995),Speed (1994)
60,Heat (1995),Terminator 2: Judgment Day (1991),Star Wars: Episode V - The Empire Strikes Back (1980),"Rock, The (1996)",Total Recall (1990)
62,"Hunt for Red October, The (1990)",X-Men (2000),Terminator 2: Judgment Day (1991),Enemy of the State (1998),Heat (1995)
64,Heat (1995),Demolition Man (1993),Star Wars: Episode V - The Empire Strikes Back (1980),Enemy of the State (1998),Speed (1994)
65,Terminator 2: Judgment Day (1991),Heat (1995),Total Recall (1990),Demolition Man (1993),Star Wars: Episode V - The Empire Strikes Back (1980)
66,Star Wars: Episode V - The Empire Strikes Back (1980),Enemy of the State (1998),Speed (1994),"Rock, The (1996)",Demolition Man (1993)
67,Star Wars: Episode V - The Empire Strikes Back (1980),Terminator 2: Judgment Day (1991),Heat (1995),Enemy of the State (1998),"Rock, The (1996)"
68,X-Men (2000),Gladiator (2000),Enemy of the State (1998),Heat (1995),Star Wars: Episode V - The Empire Strikes Back (1980)
69,Demolition Man (1993),Star Wars: Episode V - The Empire Strikes Back (1980),Enemy of the State (1998),Speed (1994),"Rock, The (1996)"
70,"Hunt for Red October, The (1990)",Enemy of the State (1998),Heat (1995),Star Wars: Episode V - The Empire Strikes Back (1980),Speed (1994)
71,X-Men (2000),Gladiator (2000),Star Wars: Episode V - The Empire Strikes Back (1980),Enemy of the State (1998),Speed (1994)
72,Gladiator (2000),X-Men (2000),Heat (1995),Star Wars: Episode V - The Empire Strikes Back (1980),Enemy of the State (1998)
73,X-Men (2000),Gladiator (2000),Heat (1995),Demolition Man (1993),Star Wars: Episode V - The Empire Strikes Back (1980)
74,Enemy of the State (1998),Demolition Man (1993),Star Wars: Episode V - The Empire Strikes Back (1980),Speed (1994),"Rock, The (1996)"
77,Enemy of the State (1998),"Rock, The (1996)",Star Wars: Episode V - The Empire Strikes Back (1980),Speed (1994),Demolition Man (1993)
78,Enemy of the State (1998),Heat (1995),Gladiator (2000),Star Wars: Episode V - The Empire Strikes Back (1980),X-Men (2000)
79,Terminator 2: Judgment Day (1991),Total Recall (1990),Heat (1995),Enemy of the State (1998),"Hunt for Red October, The (1990)"
80,Enemy of the State (1998),Speed (1994),Demolition Man (1993),"Hunt for Red October, The (1990)",Heat (1995)
81,Enemy of the State (1998),Gladiator (2000),X-Men (2000),Demolition Man (1993),Star Wars: Episode V - The Empire Strikes Back (1980)
82,"Rock, The (1996)",Enemy of the State (1998),Demolition Man (1993),Speed (1994),"Hunt for Red October, The (1990)"
83,Star Wars: Episode V - The Empire Strikes Back (1980),Enemy of the State (1998),Speed (1994),"Rock, The (1996)",Demolition Man (1993)
84,Enemy of the State (1998),Star Wars: Episode V - The Empire Strikes Back (1980),"Hunt for Red October, The (1990)",Speed (1994),Demolition Man (1993)
88,Star Wars: Episode V - The Empire Strikes Back (1980),Enemy of the State (1998),Speed (1994),"Rock, The (1996)",Demolition Man (1993)
89,"Hunt for Red October, The (1990)",Enemy of the State (1998),Total Recall (1990),Demolition Man (1993),Star Wars: Episode V - The Empire Strikes Back (1980)
90,Gladiator (2000),Heat (1995),Demolition Man (1993),"Rock, The (1996)",Star Wars: Episode V - The Empire Strikes Back (1980)
91,Gladiator (2000),Enemy of the State (1998),Heat (1995),Star Wars: Episode V - The Empire Strikes Back (1980),Speed (1994)
92,X-Men (2000),Gladiator (2000),Star Wars: Episode V - The Empire Strikes Back (1980),Enemy of the State (1998),Speed (1994)
93,Star Wars: Episode V - The Empire Strikes Back (1980),Enemy of the State (1998),Speed (1994),"Rock, The (1996)",Demolition Man (1993)
94,X-Men (2000),Gladiator (2000),"Hunt for Red October, The (1990)",Speed (1994),"Rock, The (1996)"
95,X-Men (2000),Total Recall (1990),Gladiator (2000),"Hunt for Red October, The (1990)","Rock, The (1996)"
96,Star Wars: Episode V - The Empire Strikes Back (1980),Terminator 2: Judgment Day (1991),Heat (1995),Enemy of the State (1998),"Rock, The (1996)"
97,Gladiator (2000),Star Wars: Episode V - The Empire Strikes Back (1980),Enemy of the State (1998),Speed (1994),"Rock, The (1996)"
98,X-Men (2000),Terminator 2: Judgment Day (1991),Speed (1994),Enemy of the State (1998),Heat (1995)
99,X-Men (2000),"Rock, The (1996)",Enemy of the State (1998),Demolition Man (1993),Star Wars: Episode V - The Empire Strikes Back (1980)
100,Terminator 2: Judgment Day (1991),Total Recall (1990),X-Men (2000),Gladiator (2000),"Rock, The (1996)"
101,Enemy of the State (1998),Heat (1995),Star Wars: Episode V - The Empire Strikes Back (1980),Speed (1994),"Rock, The (1996)"
102,Star Wars: Episode V - The Empire Strikes Back (1980),Enemy of the State (1998),Speed (1994),"Rock, The (1996)",Demolition Man (1993)
103,Heat (1995),Star Wars: Episode V - The Empire Strikes Back (1980),Enemy of the State (1998),Speed (1994),"Rock, The (1996)"
104,Terminator 2: Judgment Day (1991),Total Recall (1990),"Hunt for Red October, The (1990)",Enemy of the State (1998),Heat (1995)
105,X-Men (2000),"Hunt for Red October, The (1990)",Total Recall (1990),Speed (1994),"Rock, The (1996)"
106,X-Men (2000),Heat (1995),Demolition Man (1993),Star Wars: Episode V - The Empire Strikes Back (1980),Enemy of the State (1998)
107,X-Men (2000),"Hunt for Red October, The (1990)",Speed (1994),Enemy of the State (1998),Heat (1995)
108,"Hunt for Red October, The (1990)",Total Recall (1990),Heat (1995),Speed (1994),Demolition Man (1993)
109,Star Wars: Episode V - The Empire Strikes Back (1980),Enemy of the State (1998),Speed (1994),"Rock, The (1996)",Demolition Man (1993)
110,Enemy of the State (1998),Star Wars: Episode V - The Empire Strikes Back (1980),Heat (1995),Total Recall (1990),"Hunt for Red October, The (1990)"
111,Gladiator (2000),Terminator 2: Judgment Day (1991),Total Recall (1990),"Hunt for Red October, The (1990)",Demolition Man (1993)
112,Demolition Man (1993),Star Wars: Episode V - The Empire Strikes Back (1980),Enemy of the State (1998),Speed (1994),"Rock, The (1996)"
113,"Rock, The (1996)",Enemy of the State (1998),Demolition Man (1993),Speed (1994),"Hunt for Red October, The (1990)"
115,"Rock, The (1996)",Enemy of the State (1998),Demolition Man (1993),Speed (1994),"Hunt for Red October, The (1990)"
116,"Rock, The (1996)",Enemy of the State (1998),Demolition Man (1993),Speed (1994),"Hunt for Red October, The (1990)"
117,Star Wars: Episode V - The Empire Strikes Back (1980),Enemy of the State (1998),Heat (1995),"Rock, The (1996)",Total Recall (1990)
118,X-Men (2000),Heat (1995),Star Wars: Episode V - The Empire Strikes Back (1980),Enemy of the State (1998),Speed (1994)
119,X-Men (2000),Gladiator (2000),Speed (1994),Demolition Man (1993),Heat (1995)
120,"Rock, The (1996)",Enemy of the State (1998),Demolition Man (1993),Speed (1994),"Hunt for Red October, The (1990)"
121,"Rock, The (1996)",Enemy of the State (1998),Demolition Man (1993),Speed (1994),"Hunt for Red October, The (1990)"
122,X-Men (2000),Terminator 2: Judgment Day (1991),Gladiator (2000),Total Recall (1990),"Hunt for Red October, The (1990)"
123,"Rock, The (1996)",Enemy of the State (1998),Demolition Man (1993),Speed (1994),"Hunt for Red October, The (1990)"
124,Speed (1994),Demolition Man (1993),Heat (1995),Star Wars: Episode V - The Empire Strikes Back (1980),Gladiator (2000)
125,Heat (1995),Star Wars: Episode V - The Empire Strikes Back (1980),Enemy of the State (1998),Speed (1994),"Rock, The (1996)"
126,Demolition Man (1993),Star Wars: Episode V - The Empire Strikes Back (1980),Enemy of the State (1998),Speed (1994),"Rock, The (1996)"
128,"Hunt for Red October, The (1990)",Terminator 2: Judgment Day (1991),Gladiator (2000),X-Men (2000),Heat (1995)
129,Total Recall (1990),"Hunt for Red October, The (1990)",Enemy of the State (1998),Heat (1995),Demolition Man (1993)
130,Star Wars: Episode V - The Empire Strikes Back (1980),Enemy of the State (1998),Speed (1994),"Rock, The (1996)",Demolition Man (1993)
131,Terminator 2: Judgment Day (1991),Enemy of the State (1998),Heat (1995),"Rock, The (1996)",Demolition Man (1993)
132,X-Men (2000),Enemy of the State (1998),Heat (1995),Star Wars: Episode V - The Empire Strikes Back (1980),Speed (1994)
133,Demolition Man (1993),Star Wars: Episode V - The Empire Strikes Back (1980),Enemy of the State (1998),Speed (1994),"Rock, The (1996)"
134,"Hunt for Red October, The (1990)",X-Men (2000),Heat (1995),Star Wars: Episode V - The Empire Strikes Back (1980),Enemy of the State (1998)
135,Heat (1995),Terminator 2: Judgment Day (1991),Star Wars: Episode V - The Empire Strikes Back (1980),Demolition Man (1993),Total Recall (1990)
136,Terminator 2: Judgment Day (1991),Gladiator (2000),Demolition Man (1993),Heat (1995),"Rock, The (1996)"
137,"Hunt for Red October, The (1990)",Total Recall (1990),Gladiator (2000),X-Men (2000),Demolition Man (1993)
138,Speed (1994),Gladiator (2000),X-Men (2000),Star Wars: Episode V - The Empire Strikes Back (1980),Enemy of the State (1998)
139,Gladiator (2000),"Hunt for Red October, The (1990)",Demolition Man (1993),Enemy of the State (1998),Heat (1995)
140,X-Men (2000),Star Wars: Episode V - The Empire Strikes Back (1980),"Hunt for Red October, The (1990)",Speed (1994),Heat (1995)
141,Gladiator (2000),Heat (1995),Speed (1994),Star Wars: Episode V - The Empire Strikes Back (1980),Enemy of the State (1998)
144,Terminator 2: Judgment Day (1991),Total Recall (1990),Gladiator (2000),X-Men (2000),"Rock, The (1996)"
145,Demolition Man (1993),Gladiator (2000),Star Wars: Episode V - The Empire Strikes Back (1980),X-Men (2000),Enemy of the State (1998)
146,Heat (1995),Star Wars: Episode V - The Empire Strikes Back (1980),Total Recall (1990),Demolition Man (1993),Enemy of the State (1998)
147,"Rock, The (1996)",Enemy of the State (1998),Speed (1994),Demolition Man (1993),"Hunt for Red October, The (1990)"
148,"Rock, The (1996)",Enemy of the State (1998),Demolition Man (1993),Speed (1994),"Hunt for Red October, The (1990)"
149,Total Recall (1990),Gladiator (2000),X-Men (2000),Heat (1995),Demolition Man (1993)
150,"Rock, The (1996)",Enemy of the State (1998),Demolition Man (1993),Speed (1994),"Hunt for Red October, The (1990)"
151,Star Wars: Episode V - The Empire Strikes Back (1980),Enemy of the State (1998),Speed (1994),"Rock, The (1996)",Demolition Man (1993)
152,Star Wars: Episode V - The Empire Strikes Back (1980),Enemy of the State (1998),Speed (1994),"Rock, The (1996)",Demolition Man (1993)
153,X-Men (2000),Heat (1995),Demolition Man (1993),Star Wars: Episode V - The Empire Strikes Back (1980),Enemy of the State (1998)
154,Gladiator (2000),Demolition Man (1993),Heat (1995),Star Wars: Episode V - The Empire Strikes Back (1980),Enemy of the State (1998)
156,Star Wars: Episode V - The Empire Strikes Back (1980),Enemy of the State (1998),Speed (1994),"Rock, The (1996)",Demolition Man (1993)
158,Star Wars: Episode V - The Empire Strikes Back (1980),Demolition Man (1993),Enemy of the State (1998),Speed (1994),"Rock, The (1996)"
159,"Rock, The (1996)",Speed (1994),X-Men (2000),Star Wars: Episode V - The Empire Strikes Back (1980),Total Recall (1990)
160,Star Wars: Episode V - The Empire Strikes Back (1980),Enemy of the State (1998),Speed (1994),"Rock, The (1996)",Demolition Man (1993)
161,Speed (1994),Star Wars: Episode V - The Empire Strikes Back (1980),Enemy of the State (1998),"Rock, The (1996)",Demolition Man (1993)
162,Star Wars: Episode V - The Empire Strikes Back (1980),Enemy of the State (1998),Speed (1994),"Rock, The (1996)",Demolition Man (1993)
164,Gladiator (2000),Star Wars: Episode V - The Empire Strikes Back (1980),X-Men (2000),Enemy of the State (1998),Speed (1994)
165,Star Wars: Episode V - The Empire Strikes Back (1980),Gladiator (2000),X-Men (2000),Enemy of the State (1998),Speed (1994)
166,Speed (1994),X-Men (2000),Heat (1995),Star Wars: Episode V - The Empire Strikes Back (1980),Demolition Man (1993)
167,Gladiator (2000),Star Wars: Episode V - The Empire Strikes Back (1980),X-Men (2000),Enemy of the State (1998),Speed (1994)
168,Heat (1995),X-Men (2000),Star Wars: Episode V - The Empire Strikes Back (1980),Demolition Man (1993),Enemy of the State (1998)
169,Speed (1994),X-Men (2000),"Rock, The (1996)",Heat (1995),Star Wars: Episode V - The Empire Strikes Back (1980)
170,"Hunt for Red October, The (1990)",Demolition Man (1993),Total Recall (1990),Gladiator (2000),X-Men (2000)
171,"Rock, The (1996)",Heat (1995),Demolition Man (1993),Gladiator (2000),Star Wars: Episode V - The Empire Strikes Back (1980)
172,Heat (1995),Gladiator (2000),Star Wars: Episode V - The Empire Strikes Back (1980),X-Men (2000),Enemy of the State (1998)
173,Enemy of the State (1998),Total Recall (1990),Heat (1995),Demolition Man (1993),Gladiator (2000)
174,Star Wars: Episode V - The Empire Strikes Back (1980),Enemy of the State (1998),Speed (1994),"Rock, The (1996)",Demolition Man (1993)
176,X-Men (2000),"Rock, The (1996)",Star Wars: Episode V - The Empire Strikes Back (1980),Speed (1994),Enemy of the State (1998)
177,Enemy of the State (1998),X-Men (2000),Star Wars: Episode V - The Empire Strikes Back (1980),Demolition Man (1993),Speed (1994)
178,Demolition Man (1993),Speed (1994),Gladiator (2000),Total Recall (1990),Terminator 2: Judgment Day (1991)
179,Gladiator (2000),Star Wars: Episode V - The Empire Strikes Back (1980),Enemy of the State (1998),Speed (1994),"Rock, The (1996)"
180,"Rock, The (1996)",Enemy of the State (1998),Heat (1995),Total Recall (1990),Demolition Man (1993)
182,"Rock, The (1996)",Heat (1995),Total Recall (1990),Demolition Man (1993),Terminator 2: Judgment Day (1991)
183,Star Wars: Episode V - The Empire Strikes Back (1980),Demolition Man (1993),Enemy of the State (1998),Speed (1994),"Rock, The (1996)"
184,Enemy of the State (1998),Demolition Man (1993),Star Wars: Episode V - The Empire Strikes Back (1980),Gladiator (2000),X-Men (2000)
185,"Rock, The (1996)",Star Wars: Episode V - The Empire Strikes Back (1980),"Hunt for Red October, The (1990)",Enemy of the State (1998),Gladiator (2000)
186,Heat (1995),Gladiator (2000),Star Wars: Episode V - The Empire Strikes Back (1980),Enemy of the State (1998),Speed (1994)
187,Speed (1994),Enemy of the State (1998),Star Wars: Episode V - The Empire Strikes Back (1980),X-Men (2000),"Rock, The (1996)"
188,Enemy of the State (1998),Demolition Man (1993),Terminator 2: Judgment Day (1991),Gladiator (2000),Star Wars: Episode V - The Empire Strikes Back (1980)
189,Terminator 2: Judgment Day (1991),"Hunt for Red October, The (1990)",Demolition Man (1993),"Rock, The (1996)",Speed (1994)
190,"Hunt for Red October, The (1990)",Demolition Man (1993),Heat (1995),Terminator 2: Judgment Day (1991),Gladiator (2000)
191,Enemy of the State (1998),Gladiator (2000),Heat (1995),Total Recall (1990),Star Wars: Episode V - The Empire Strikes Back (1980)
192,"Rock, The (1996)",Enemy of the State (1998),Demolition Man (1993),Speed (1994),"Hunt for Red October, The (1990)"
193,X-Men (2000),Star Wars: Episode V - The Empire Strikes Back (1980),Enemy of the State (1998),Speed (1994),"Rock, The (1996)"
194,Demolition Man (1993),Enemy of the State (1998),Speed (1994),"Hunt for Red October, The (1990)",Terminator 2: Judgment Day (1991)
195,Enemy of the State (1998),Star Wars: Episode V - The Empire Strikes Back (1980),Speed (1994),"Rock, The (1996)",Demolition Man (1993)
196,Enemy of the State (1998),Speed (1994),Demolition Man (1993),"Hunt for Red October, The (1990)",Heat (1995)
197,Speed (1994),"Hunt for Red October, The (1990)",X-Men (2000),Heat (1995),Star Wars: Episode V - The Empire Strikes Back (1980)
199,Heat (1995),Demolition Man (1993),Gladiator (2000),Star Wars: Episode V - The Empire Strikes Back (1980),X-Men (2000)
200,Enemy of the State (1998),Star Wars: Episode V - The Empire Strikes Back (1980),Gladiator (2000),X-Men (2000),Speed (1994)
201,Speed (1994),Total Recall (1990),Heat (1995),Demolition Man (1993),Gladiator (2000)
202,Total Recall (1990),Star Wars: Episode V - The Empire Strikes Back (1980),Gladiator (2000),"Hunt for Red October, The (1990)",Demolition Man (1993)
203,Heat (1995),Total Recall (1990),Star Wars: Episode V - The Empire Strikes Back (1980),Enemy of the State (1998),Speed (1994)
204,Star Wars: Episode V - The Empire Strikes Back (1980),Terminator 2: Judgment Day (1991),Heat (1995),Enemy of the State (1998),"Rock, The (1996)"
208,Demolition Man (1993),Star Wars: Episode V - The Empire Strikes Back (1980),"Hunt for Red October, The (1990)","Rock, The (1996)",Enemy of the State (1998)
209,Terminator 2: Judgment Day (1991),Gladiator (2000),X-Men (2000),Star Wars: Episode V - The Empire Strikes Back (1980),Enemy of the State (1998)
210,"Rock, The (1996)",Demolition Man (1993),Enemy of the State (1998),"Hunt for Red October, The (1990)",Terminator 2: Judgment Day (1991)
211,Star Wars: Episode V - The Empire Strikes Back (1980),Enemy of the State (1998),Heat (1995),"Rock, The (1996)",Demolition Man (1993)
212,Enemy of the State (1998),Speed (1994),Demolition Man (1993),Heat (1995),Total Recall (1990)
213,Demolition Man (1993),Gladiator (2000),Star Wars: Episode V - The Empire Strikes Back (1980),X-Men (2000),Enemy of the State (1998)
214,"Rock, The (1996)",Enemy of the State (1998),Demolition Man (1993),Speed (1994),"Hunt for Red October, The (1990)"
215,"Rock, The (1996)",Enemy of the State (1998),"Hunt for Red October, The (1990)",Heat (1995),Demolition Man (1993)
216,Enemy of the State (1998),Demolition Man (1993),Star Wars: Episode V - The Empire Strikes Back (1980),Total Recall (1990),Speed (1994)
217,"Rock, The (1996)",Terminator 2: Judgment Day (1991),X-Men (2000),Demolition Man (1993),Star Wars: Episode V - The Empire Strikes Back (1980)
219,Star Wars: Episode V - The Empire Strikes Back (1980),Heat (1995),"Hunt for Red October, The (1990)",Enemy of the State (1998),Speed (1994)
220,X-Men (2000),Star Wars: Episode V - The Empire Strikes Back (1980),Enemy of the State (1998),Speed (1994),"Rock, The (1996)"
222,"Rock, The (1996)",Heat (1995),X-Men (2000),Star Wars: Episode V - The Empire Strikes Back (1980),Enemy of the State (1998)
223,Enemy of the State (1998),Star Wars: Episode V - The Empire Strikes Back (1980),Heat (1995),X-Men (2000),Demolition Man (1993)
225,Enemy of the State (1998),Demolition Man (1993),Heat (1995),Star Wars: Episode V - The Empire Strikes Back (1980),Gladiator (2000)
227,Heat (1995),Total Recall (1990),Demolition Man (1993),Terminator 2: Judgment Day (1991),Gladiator (2000)
228,X-Men (2000),Star Wars: Episode V - The Empire Strikes Back (1980),Demolition Man (1993),Enemy of the State (1998),Speed (1994)
229,Star Wars: Episode V - The Empire Strikes Back (1980),Demolition Man (1993),Total Recall (1990),Enemy of the State (1998),Speed (1994)
230,Demolition Man (1993),Enemy of the State (1998),Speed (1994),"Hunt for Red October, The (1990)",Terminator 2: Judgment Day (1991)
231,X-Men (2000),Star Wars: Episode V - The Empire Strikes Back (1980),"Hunt for Red October, The (1990)",Speed (1994),"Rock, The (1996)"
232,Heat (1995),Star Wars: Episode V - The Empire Strikes Back (1980),Gladiator (2000),X-Men (2000),Enemy of the State (1998)
233,Star Wars: Episode V - The Empire Strikes Back (1980),Enemy of the State (1998),Speed (1994),"Rock, The (1996)",Demolition Man (1993)
234,Star Wars: Episode V - The Empire Strikes Back (1980),Enemy of the State (1998),Speed (1994),"Rock, The (1996)",Demolition Man (1993)
235,Speed (1994),Enemy of the State (1998),Terminator 2: Judgment Day (1991),Heat (1995),Star Wars: Episode V - The Empire Strikes Back (1980)
237,"Hunt for Red October, The (1990)",Enemy of the State (1998),Gladiator (2000),Star Wars: Episode V - The Empire Strikes Back (1980),X-Men (2000)
238,Star Wars: Episode V - The Empire Strikes Back (1980),Enemy of the State (1998),Speed (1994),"Rock, The (1996)",Demolition Man (1993)
239,Enemy of the State (1998),Star Wars: Episode V - The Empire Strikes Back (1980),Demolition Man (1993),Heat (1995),Gladiator (2000)
240,Enemy of the State (1998),Heat (1995),Star Wars: Episode V - The Empire Strikes Back (1980),Gladiator (2000),X-Men (2000)
241,Enemy of the State (1998),Star Wars: Episode V - The Empire Strikes Back (1980),Demolition Man (1993),X-Men (2000),Speed (1994)
242,Enemy of the State (1998),Total Recall (1990),Heat (1995),Demolition Man (1993),Gladiator (2000)
243,Demolition Man (1993),Gladiator (2000),Star Wars: Episode V - The Empire Strikes Back (1980),X-Men (2000),Enemy of the State (1998)
244,Speed (1994),Heat (1995),Demolition Man (1993),Gladiator (2000),Star Wars: Episode V - The Empire Strikes Back (1980)
245,Enemy of the State (1998),Demolition Man (1993),Star Wars: Episode V - The Empire Strikes Back (1980),Heat (1995),Gladiator (2000)
246,"Hunt for Red October, The (1990)",Demolition Man (1993),Star Wars: Episode V - The Empire Strikes Back (1980),Enemy of the State (1998),Heat (1995)
247,Mission: Impossible (1996),"Hunt for Red October, The (1990)",X-Men (2000),Star Wars: Episode V - The Empire Strikes Back (1980),Enemy of the State (1998)
249,X-Men (2000),Gladiator (2000),Speed (1994),Enemy of the State (1998),Demolition Man (1993)
250,Gladiator (2000),Demolition Man (1993),Heat (1995),Enemy of the State (1998),Speed (1994)
251,Demolition Man (1993),Mission: Impossible (1996),Star Wars: Episode V - The Empire Strikes Back (1980),Enemy of the State (1998),Speed (1994)
252,X-Men (2000),Enemy of the State (1998),Mission: Impossible (1996),Heat (1995),Demolition Man (1993)
253,Heat (1995),Speed (1994),Enemy of the State (1998),Mission: Impossible (1996),"Rock, The (1996)"
254,"Hunt for Red October, The (1990)",X-Men (2000),Enemy of the State (1998),"Rock, The (1996)",Mission: Impossible (1996)
255,Gladiator (2000),"Hunt for Red October, The (1990)",Demolition Man (1993),Heat (1995),Enemy of the State (1998)
256,"Hunt for Red October, The (1990)",Heat (1995),Enemy of the State (1998),Demolition Man (1993),Speed (1994)
257,Terminator 2: Judgment Day (1991),X-Men (2000),Speed (1994),Enemy of the State (1998),Heat (1995)
258,Mission: Impossible (1996),Enemy of the State (1998),Terminator 2: Judgment Day (1991),Star Wars: Episode V - The Empire Strikes Back (1980),Gladiator (2000)
259,Star Wars: Episode V - The Empire Strikes Back (1980),X-Men (2000),Demolition Man (1993),"Hunt for Red October, The (1990)",Gladiator (2000)
260,X-Men (2000),Gladiator (2000),"Hunt for Red October, The (1990)",Demolition Man (1993),Speed (1994)
261,Speed (1994),Demolition Man (1993),"Rock, The (1996)",Mission: Impossible (1996),Star Wars: Episode V - The Empire Strikes Back (1980)
262,Gladiator (2000),"Hunt for Red October, The (1990)",Heat (1995),Enemy of the State (1998),Speed (1994)
265,Gladiator (2000),Heat (1995),Demolition Man (1993),Mission: Impossible (1996),Star Wars: Episode V - The Empire Strikes Back (1980)
267,X-Men (2000),"Hunt for Red October, The (1990)",Speed (1994),Mission: Impossible (1996),"Rock, The (1996)"
268,X-Men (2000),Gladiator (2000),"Hunt for Red October, The (1990)",Demolition Man (1993),Speed (1994)
269,X-Men (2000),"Hunt for Red October, The (1990)",Heat (1995),Speed (1994),Mission: Impossible (1996)
270,X-Men (2000),Star Wars: Episode V - The Empire Strikes Back (1980),"Hunt for Red October, The (1990)",Speed (1994),Heat (1995)
271,X-Men (2000),Gladiator (2000),Enemy of the State (1998),Speed (1994),Heat (1995)
272,"Hunt for Red October, The (1990)",Demolition Man (1993),Speed (1994),Enemy of the State (1998),X-Men (2000)
273,Gladiator (2000),Heat (1995),Demolition Man (1993),Speed (1994),"Rock, The (1996)"
274,X-Men (2000),Heat (1995),Enemy of the State (1998),"Rock, The (1996)",Mission: Impossible (1996)
275,"Hunt for Red October, The (1990)",Heat (1995),Enemy of the State (1998),Speed (1994),Mission: Impossible (1996)
276,Gladiator (2000),"Hunt for Red October, The (1990)",Speed (1994),Mission: Impossible (1996),"Rock, The (1996)"
277,Terminator 2: Judgment Day (1991),"Hunt for Red October, The (1990)",Heat (1995),Enemy of the State (1998),Mission: Impossible (1996)
278,Star Wars: Episode V - The Empire Strikes Back (1980),Enemy of the State (1998),Demolition Man (1993),"Hunt for Red October, The (1990)","Rock, The (1996)"
279,Speed (1994),"Rock, The (1996)",Mission: Impossible (1996),Star Wars: Episode V - The Empire Strikes Back (1980),X-Men (2000)
280,Star Wars: Episode V - The Empire Strikes Back (1980),X-Men (2000),Demolition Man (1993),"Hunt for Red October, The (1990)",Gladiator (2000)
281,Enemy of the State (1998),Mission: Impossible (1996),Heat (1995),Demolition Man (1993),Star Wars: Episode V - The Empire Strikes Back (1980)
282,Star Wars: Episode V - The Empire Strikes Back (1980),Gladiator (2000),Demolition Man (1993),Heat (1995),Enemy of the State (1998)
284,Mission: Impossible (1996),"Rock, The (1996)",Speed (1994),Terminator 2: Judgment Day (1991),X-Men (2000)
285,Gladiator (2000),"Hunt for Red October, The (1990)",Heat (1995),Speed (1994),Mission: Impossible (1996)
287,Terminator 2: Judgment Day (1991),X-Men (2000),"Hunt for Red October, The (1990)",Gladiator (2000),Demolition Man (1993)
288,X-Men (2000),"Hunt for Red October, The (1990)",Gladiator (2000),Demolition Man (1993),Heat (1995)
289,Gladiator (2000),Mission: Impossible (1996),Star Wars: Episode V - The Empire Strikes Back (1980),Enemy of the State (1998),Speed (1994)
290,Gladiator (2000),"Hunt for Red October, The (1990)",Heat (1995),Enemy of the State (1998),Speed (1994)
291,Speed (1994),Star Wars: Episode V - The Empire Strikes Back (1980),"Rock, The (1996)",Mission: Impossible (1996),X-Men (2000)
292,"Hunt for Red October, The (1990)",Heat (1995),Enemy of the State (1998),Demolition Man (1993),Speed (1994)
293,X-Men (2000),Gladiator (2000),Speed (1994),Enemy of the State (1998),Demolition Man (1993)
294,Gladiator (2000),"Hunt for Red October, The (1990)",Heat (1995),Speed (1994),Enemy of the State (1998)
296,X-Men (2000),Gladiator (2000),"Hunt for Red October, The (1990)",Demolition Man (1993),Speed (1994)
297,X-Men (2000),Gladiator (2000),"Hunt for Red October, The (1990)",Demolition Man (1993),Speed (1994)
298,Gladiator (2000),"Hunt for Red October, The (1990)",Demolition Man (1993),Enemy of the State (1998),"Rock, The (1996)"
299,X-Men (2000),Terminator 2: Judgment Day (1991),"Hunt for Red October, The (1990)",Heat (1995),Mission: Impossible (1996)
300,X-Men (2000),Gladiator (2000),Speed (1994),Enemy of the State (1998),Demolition Man (1993)
301,X-Men (2000),Gladiator (2000),Speed (1994),Enemy of the State (1998),Demolition Man (1993)
302,X-Men (2000),Gladiator (2000),Speed (1994),Heat (1995),"Rock, The (1996)"
303,Heat (1995),Enemy of the State (1998),Speed (1994),Demolition Man (1993),Mission: Impossible (1996)
304,Gladiator (2000),Demolition Man (1993),Heat (1995),Speed (1994),Mission: Impossible (1996)
305,Star Wars: Episode V - The Empire Strikes Back (1980),Enemy of the State (1998),Speed (1994),Heat (1995),X-Men (2000)
306,Heat (1995),Demolition Man (1993),Mission: Impossible (1996),Star Wars: Episode V - The Empire Strikes Back (1980),Enemy of the State (1998)
307,Terminator 2: Judgment Day (1991),X-Men (2000),Gladiator (2000),"Hunt for Red October, The (1990)",Demolition Man (1993)
308,"Hunt for Red October, The (1990)",Heat (1995),Enemy of the State (1998),Demolition Man (1993),Speed (1994)
309,X-Men (2000),Gladiator (2000),"Hunt for Red October, The (1990)",Demolition Man (1993),Speed (1994)
310,Enemy of the State (1998),Speed (1994),Demolition Man (1993),Mission: Impossible (1996),"Rock, The (1996)"
311,Heat (1995),Enemy of the State (1998),Speed (1994),Mission: Impossible (1996),"Rock, The (1996)"
312,X-Men (2000),Gladiator (2000),Speed (1994),Enemy of the State (1998),Heat (1995)
313,Gladiator (2000),Demolition Man (1993),"Hunt for Red October, The (1990)",Heat (1995),Enemy of the State (1998)
315,"Hunt for Red October, The (1990)",Demolition Man (1993),"Rock, The (1996)",Mission: Impossible (1996),Star Wars: Episode V - The Empire Strikes Back (1980)
316,Mission: Impossible (1996),Star Wars: Episode V - The Empire Strikes Back (1980),Enemy of the State (1998),Speed (1994),"Rock, The (1996)"
317,Mission: Impossible (1996),Demolition Man (1993),X-Men (2000),Gladiator (2000),Star Wars: Episode V - The Empire Strikes Back (1980)
318,Star Wars: Episode V - The Empire Strikes Back (1980),Heat (1995),"Hunt for Red October, The (1990)",Mission: Impossible (1996),Speed (1994)
319,Demolition Man (1993),Terminator 2: Judgment Day (1991),Mission: Impossible (1996),Gladiator (2000),Star Wars: Episode V - The Empire Strikes Back (1980)
320,"Hunt for Red October, The (1990)",Heat (1995),Mission: Impossible (1996),"Rock, The (1996)",Enemy of the State (1998)
322,Star Wars: Episode V - The Empire Strikes Back (1980),Speed (1994),Enemy of the State (1998),X-Men (2000),Demolition Man (1993)
323,X-Men (2000),Mission: Impossible (1996),Demolition Man (1993),Star Wars: Episode V - The Empire Strikes Back (1980),Enemy of the State (1998)
324,Star Wars: Episode V - The Empire Strikes Back (1980),Gladiator (2000),Demolition Man (1993),Heat (1995),Enemy of the State (1998)
325,Star Wars: Episode V - The Empire Strikes Back (1980),Speed (1994),Enemy of the State (1998),X-Men (2000),Gladiator (2000)
326,Star Wars: Episode V - The Empire Strikes Back (1980),X-Men (2000),Demolition Man (1993),"Hunt for Red October, The (1990)",Gladiator (2000)
327,Star Wars: Episode V - The Empire Strikes Back (1980),Gladiator (2000),Heat (1995),Enemy of the State (1998),Speed (1994)
328,Star Wars: Episode V - The Empire Strikes Back (1980),Heat (1995),Enemy of the State (1998),Demolition Man (1993),"Rock, The (1996)"
329,Star Wars: Episode V - The Empire Strikes Back (1980),X-Men (2000),Demolition Man (1993),"Hunt for Red October, The (1990)",Gladiator (2000)
330,Star Wars: Episode V - The Empire Strikes Back (1980),Terminator 2: Judgment Day (1991),Gladiator (2000),Demolition Man (1993),Heat (1995)
331,Star Wars: Episode V - The Empire Strikes Back (1980),Heat (1995),Enemy of the State (1998),Demolition Man (1993),"Hunt for Red October, The (1990)"
332,X-Men (2000),Heat (1995),Star Wars: Episode V - The Empire Strikes Back (1980),"Rock, The (1996)",Mission: Impossible (1996)
333,Star Wars: Episode V - The Empire Strikes Back (1980),Gladiator (2000),Demolition Man (1993),Heat (1995),Enemy of the State (1998)
334,"Hunt for Red October, The (1990)",Demolition Man (1993),Enemy of the State (1998),"Rock, The (1996)",Mission: Impossible (1996)
335,Speed (1994),"Rock, The (1996)",Mission: Impossible (1996),Star Wars: Episode V - The Empire Strikes Back (1980),X-Men (2000)
336,Star Wars: Episode V - The Empire Strikes Back (1980),Heat (1995),Enemy of the State (1998),"Hunt for Red October, The (1990)",Demolition Man (1993)
337,Enemy of the State (1998),Mission: Impossible (1996),Demolition Man (1993),Star Wars: Episode V - The Empire Strikes Back (1980),Gladiator (2000)
338,X-Men (2000),Star Wars: Episode V - The Empire Strikes Back (1980),"Hunt for Red October, The (1990)",Heat (1995),Mission: Impossible (1996)
339,Star Wars: Episode V - The Empire Strikes Back (1980),Speed (1994),Enemy of the State (1998),Demolition Man (1993),Mission: Impossible (1996)
340,Star Wars: Episode V - The Empire Strikes Back (1980),X-Men (2000),"Hunt for Red October, The (1990)",Heat (1995),Speed (1994)
341,Enemy of the State (1998),"Rock, The (1996)",Star Wars: Episode V - The Empire Strikes Back (1980),Mission: Impossible (1996),Gladiator (2000)
342,Star Wars: Episode V - The Empire Strikes Back (1980),Gladiator (2000),Heat (1995),Enemy of the State (1998),Speed (1994)
343,Demolition Man (1993),"Hunt for Red October, The (1990)",Speed (1994),Enemy of the State (1998),"Rock, The (1996)"
344,Star Wars: Episode V - The Empire Strikes Back (1980),X-Men (2000),Demolition Man (1993),"Hunt for Red October, The (1990)",Gladiator (2000)
345,Star Wars: Episode V - The Empire Strikes Back (1980),Heat (1995),Enemy of the State (1998),Demolition Man (1993),"Hunt for Red October, The (1990)"
346,Terminator 2: Judgment Day (1991),Demolition Man (1993),Star Wars: Episode V - The Empire Strikes Back (1980),"Hunt for Red October, The (1990)",X-Men (2000)
347,Star Wars: Episode V - The Empire Strikes Back (1980),Heat (1995),Enemy of the State (1998),Speed (1994),Mission: Impossible (1996)
349,Terminator 2: Judgment Day (1991),Speed (1994),"Rock, The (1996)",Mission: Impossible (1996),Heat (1995)
350,Terminator 2: Judgment Day (1991),Enemy of the State (1998),"Rock, The (1996)",Heat (1995),Mission: Impossible (1996)
351,"Rock, The (1996)",Heat (1995),Mission: Impossible (1996),Star Wars: Episode V - The Empire Strikes Back (1980),Demolition Man (1993)
352,Star Wars: Episode V - The Empire Strikes Back (1980),Enemy of the State (1998),Heat (1995),"Rock, The (1996)",X-Men (2000)
353,Demolition Man (1993),Enemy of the State (1998),Star Wars: Episode V - The Empire Strikes Back (1980),Gladiator (2000),Speed (1994)
355,Star Wars: Episode V - The Empire Strikes Back (1980),X-Men (2000),Demolition Man (1993),"Hunt for Red October, The (1990)",Gladiator (2000)
356,Speed (1994),Enemy of the State (1998),Demolition Man (1993),"Rock, The (1996)",Mission: Impossible (1996)
357,Enemy of the State (1998),Star Wars: Episode V - The Empire Strikes Back (1980),Demolition Man (1993),"Hunt for Red October, The (1990)",Speed (1994)
358,Speed (1994),Enemy of the State (1998),Star Wars: Episode V - The Empire Strikes Back (1980),Mission: Impossible (1996),Demolition Man (1993)
359,Star Wars: Episode V - The Empire Strikes Back (1980),Heat (1995),Speed (1994),Mission: Impossible (1996),Demolition Man (1993)
361,Star Wars: Episode V - The Empire Strikes Back (1980),Gladiator (2000),Demolition Man (1993),Enemy of the State (1998),Heat (1995)
362,Star Wars: Episode V - The Empire Strikes Back (1980),X-Men (2000),Speed (1994),Enemy of the State (1998),Demolition Man (1993)
364,Enemy of the State (1998),"Rock, The (1996)",Heat (1995),Mission: Impossible (1996),Star Wars: Episode V - The Empire Strikes Back (1980)
365,Terminator 2: Judgment Day (1991),Demolition Man (1993),Star Wars: Episode V - The Empire Strikes Back (1980),"Hunt for Red October, The (1990)",X-Men (2000)
366,Mission: Impossible (1996),Enemy of the State (1998),Heat (1995),Star Wars: Episode V - The Empire Strikes Back (1980),Gladiator (2000)
367,"Hunt for Red October, The (1990)","Rock, The (1996)",Demolition Man (1993),Mission: Impossible (1996),X-Men (2000)
369,X-Men (2000),Star Wars: Episode V - The Empire Strikes Back (1980),Heat (1995),"Rock, The (1996)",Mission: Impossible (1996)
370,Star Wars: Episode V - The Empire Strikes Back (1980),Speed (1994),"Rock, The (1996)",Mission: Impossible (1996),Demolition Man (1993)
371,Star Wars: Episode V - The Empire Strikes Back (1980),X-Men (2000),Demolition Man (1993),"Hunt for Red October, The (1990)",Gladiator (2000)
373,Star Wars: Episode V - The Empire Strikes Back (1980),Gladiator (2000),Demolition Man (1993),Heat (1995),Enemy of the State (1998)
375,Star Wars: Episode V - The Empire Strikes Back (1980),Terminator 2: Judgment Day (1991),Gladiator (2000),Demolition Man (1993),Heat (1995)
376,Star Wars: Episode V - The Empire Strikes Back (1980),X-Men (2000),"Hunt for Red October, The (1990)",Demolition Man (1993),Gladiator (2000)
377,Speed (1994),"Rock, The (1996)",Mission: Impossible (1996),Star Wars: Episode V - The Empire Strikes Back (1980),X-Men (2000)
378,"Rock, The (1996)",Mission: Impossible (1996),Demolition Man (1993),Star Wars: Episode V - The Empire Strikes Back (1980),X-Men (2000)
379,Mission: Impossible (1996),X-Men (2000),Star Wars: Episode V - The Empire Strikes Back (1980),Demolition Man (1993),Enemy of the State (1998)
380,Star Wars: Episode V - The Empire Strikes Back (1980),Heat (1995),Enemy of the State (1998),Mission: Impossible (1996),Demolition Man (1993)
381,Star Wars: Episode V - The Empire Strikes Back (1980),Speed (1994),Enemy of the State (1998),Demolition Man (1993),X-Men (2000)
382,Star Wars: Episode V - The Empire Strikes Back (1980),X-Men (2000),Demolition Man (1993),Speed (1994),Gladiator (2000)
383,Speed (1994),Star Wars: Episode V - The Empire Strikes Back (1980),Heat (1995),"Rock, The (1996)",Mission: Impossible (1996)
384,Speed (1994),Star Wars: Episode V - The Empire Strikes Back (1980),Heat (1995),"Rock, The (1996)",Mission: Impossible (1996)
385,"Hunt for Red October, The (1990)",Demolition Man (1993),Enemy of the State (1998),Mission: Impossible (1996),Star Wars: Episode V - The Empire Strikes Back (1980)
386,Star Wars: Episode V - The Empire Strikes Back (1980),Mission: Impossible (1996),Enemy of the State (1998),Speed (1994),"Rock, The (1996)"
387,Terminator 2: Judgment Day (1991),Demolition Man (1993),Star Wars: Episode V - The Empire Strikes Back (1980),"Hunt for Red October, The (1990)",X-Men (2000)
388,Star Wars: Episode V - The Empire Strikes Back (1980),X-Men (2000),Speed (1994),Heat (1995),Enemy of the State (1998)
389,X-Men (2000),Terminator 2: Judgment Day (1991),Star Wars: Episode V - The Empire Strikes Back (1980),"Hunt for Red October, The (1990)",Heat (1995)
391,"Hunt for Red October, The (1990)",Terminator 2: Judgment Day (1991),"Rock, The (1996)",Enemy of the State (1998),Heat (1995)
392,Star Wars: Episode V - The Empire Strikes Back (1980),Heat (1995),Mission: Impossible (1996),Demolition Man (1993),Enemy of the State (1998)
393,X-Men (2000),"Hunt for Red October, The (1990)",Star Wars: Episode V - The Empire Strikes Back (1980),Heat (1995),"Rock, The (1996)"
395,Demolition Man (1993),Mission: Impossible (1996),Speed (1994),Terminator 2: Judgment Day (1991),Enemy of the State (1998)
396,Star Wars: Episode V - The Empire Strikes Back (1980),X-Men (2000),Demolition Man (1993),"Hunt for Red October, The (1990)",Gladiator (2000)
397,X-Men (2000),Star Wars: Episode V - The Empire Strikes Back (1980),Speed (1994),Mission: Impossible (1996),"Rock, The (1996)"
398,Star Wars: Episode V - The Empire Strikes Back (1980),Speed (1994),Enemy of the State (1998),Heat (1995),X-Men (2000)
399,Terminator 2: Judgment Day (1991),"Hunt for Red October, The (1990)","Rock, The (1996)",Demolition Man (1993),Enemy of the State (1998)
401,Demolition Man (1993),"Hunt for Red October, The (1990)",Speed (1994),Enemy of the State (1998),"Rock, The (1996)"
402,X-Men (2000),"Hunt for Red October, The (1990)",Heat (1995),Star Wars: Episode V - The Empire Strikes Back (1980),"Rock, The (1996)"
405,Terminator 2: Judgment Day (1991),Demolition Man (1993),Star Wars: Episode V - The Empire Strikes Back (1980),"Hunt for Red October, The (1990)",X-Men (2000)
406,X-Men (2000),Star Wars: Episode V - The Empire Strikes Back (1980),"Hunt for Red October, The (1990)",Heat (1995),"Rock, The (1996)"
407,"Hunt for Red October, The (1990)",Star Wars: Episode V - The Empire Strikes Back (1980),Demolition Man (1993),X-Men (2000),Heat (1995)
408,Star Wars: Episode V - The Empire Strikes Back (1980),Heat (1995),Demolition Man (1993),"Hunt for Red October, The (1990)",Mission: Impossible (1996)
409,"Hunt for Red October, The (1990)",Star Wars: Episode V - The Empire Strikes Back (1980),X-Men (2000),Speed (1994),Demolition Man (1993)
410,Terminator 2: Judgment Day (1991),Star Wars: Episode V - The Empire Strikes Back (1980),Enemy of the State (1998),Speed (1994),Demolition Man (1993)
411,Speed (1994),"Rock, The (1996)",Mission: Impossible (1996),Star Wars: Episode V - The Empire Strikes Back (1980),X-Men (2000)
412,Star Wars: Episode V - The Empire Strikes Back (1980),X-Men (2000),Demolition Man (1993),"Hunt for Red October, The (1990)",Gladiator (2000)
413,X-Men (2000),Star Wars: Episode V - The Empire Strikes Back (1980),Terminator 2: Judgment Day (1991),Mission: Impossible (1996),Heat (1995)
414,Star Wars: Episode V - The Empire Strikes Back (1980),Terminator 2: Judgment Day (1991),Heat (1995),Enemy of the State (1998),Mission: Impossible (1996)
415,Enemy of the State (1998),Speed (1994),Mission: Impossible (1996),"Hunt for Red October, The (1990)","Rock, The (1996)"
417,Total Recall (1990),Enemy of the State (1998),Heat (1995),Mission: Impossible (1996),Demolition Man (1993)
419,X-Men (2000),Star Wars: Episode V - The Empire Strikes Back (1980),Terminator 2: Judgment Day (1991),Mission: Impossible (1996),Heat (1995)
420,Total Recall (1990),Heat (1995),Enemy of the State (1998),"Hunt for Red October, The (1990)",Demolition Man (1993)
421,Star Wars: Episode V - The Empire Strikes Back (1980),Terminator 2: Judgment Day (1991),Heat (1995),Enemy of the State (1998),Total Recall (1990)
422,Total Recall (1990),"Hunt for Red October, The (1990)",Heat (1995),Enemy of the State (1998),Speed (1994)
423,Total Recall (1990),"Hunt for Red October, The (1990)",Heat (1995),Enemy of the State (1998),Speed (1994)
424,X-Men (2000),"Hunt for Red October, The (1990)",Total Recall (1990),Heat (1995),Speed (1994)
425,Terminator 2: Judgment Day (1991),Heat (1995),"Hunt for Red October, The (1990)",Enemy of the State (1998),Total Recall (1990)
427,X-Men (2000),Star Wars: Episode V - The Empire Strikes Back (1980),Terminator 2: Judgment Day (1991),Mission: Impossible (1996),Heat (1995)
428,X-Men (2000),Star Wars: Episode V - The Empire Strikes Back (1980),Terminator 2: Judgment Day (1991),Mission: Impossible (1996),Heat (1995)
429,Terminator 2: Judgment Day (1991),"Hunt for Red October, The (1990)",Heat (1995),Total Recall (1990),Mission: Impossible (1996)
430,X-Men (2000),"Hunt for Red October, The (1990)",Total Recall (1990),Heat (1995),Speed (1994)
431,X-Men (2000),Terminator 2: Judgment Day (1991),"Hunt for Red October, The (1990)",Total Recall (1990),Mission: Impossible (1996)
432,X-Men (2000),"Hunt for Red October, The (1990)",Total Recall (1990),Heat (1995),Speed (1994)
433,Star Wars: Episode V - The Empire Strikes Back (1980),Terminator 2: Judgment Day (1991),Heat (1995),Enemy of the State (1998),Total Recall (1990)
434,Star Wars: Episode V - The Empire Strikes Back (1980),Terminator 2: Judgment Day (1991),Heat (1995),Enemy of the State (1998),Mission: Impossible (1996)
435,Star Wars: Episode V - The Empire Strikes Back (1980),Total Recall (1990),Terminator 2: Judgment Day (1991),Heat (1995),Enemy of the State (1998)
436,X-Men (2000),Mission: Impossible (1996),Speed (1994),Enemy of the State (1998),Heat (1995)
437,Terminator 2: Judgment Day (1991),Heat (1995),Enemy of the State (1998),Total Recall (1990),Speed (1994)
438,"Hunt for Red October, The (1990)",Enemy of the State (1998),Total Recall (1990),Speed (1994),Mission: Impossible (1996)
439,Star Wars: Episode V - The Empire Strikes Back (1980),Terminator 2: Judgment Day (1991),Heat (1995),Enemy of the State (1998),Mission: Impossible (1996)
440,X-Men (2000),Star Wars: Episode V - The Empire Strikes Back (1980),Terminator 2: Judgment Day (1991),Mission: Impossible (1996),Heat (1995)
441,Terminator 2: Judgment Day (1991),Total Recall (1990),Heat (1995),"Hunt for Red October, The (1990)",Enemy of the State (1998)
442,X-Men (2000),Star Wars: Episode V - The Empire Strikes Back (1980),"Hunt for Red October, The (1990)",Heat (1995),Speed (1994)
443,Star Wars: Episode V - The Empire Strikes Back (1980),Terminator 2: Judgment Day (1991),Heat (1995),Enemy of the State (1998),Total Recall (1990)
444,Enemy of the State (1998),Total Recall (1990),Mission: Impossible (1996),Demolition Man (1993),Star Wars: Episode V - The Empire Strikes Back (1980)
445,X-Men (2000),Terminator 2: Judgment Day (1991),"Hunt for Red October, The (1990)",Total Recall (1990),Mission: Impossible (1996)
446,Terminator 2: Judgment Day (1991),"Hunt for Red October, The (1990)",Total Recall (1990),Heat (1995),Enemy of the State (1998)
447,X-Men (2000),Star Wars: Episode V - The Empire Strikes Back (1980),"Hunt for Red October, The (1990)",Heat (1995),Speed (1994)
448,Total Recall (1990),Heat (1995),Enemy of the State (1998),Speed (1994),Demolition Man (1993)
449,X-Men (2000),Speed (1994),Enemy of the State (1998),Mission: Impossible (1996),"Rock, The (1996)"
450,X-Men (2000),Star Wars: Episode V - The Empire Strikes Back (1980),Terminator 2: Judgment Day (1991),Mission: Impossible (1996),Heat (1995)
451,X-Men (2000),Mission: Impossible (1996),Speed (1994),Star Wars: Episode V - The Empire Strikes Back (1980),Terminator 2: Judgment Day (1991)
452,Enemy of the State (1998),Total Recall (1990),"Rock, The (1996)",Mission: Impossible (1996),Demolition Man (1993)
453,X-Men (2000),"Hunt for Red October, The (1990)",Total Recall (1990),Heat (1995),Speed (1994)
454,Total Recall (1990),"Hunt for Red October, The (1990)",Heat (1995),Enemy of the State (1998),Speed (1994)
455,Star Wars: Episode V - The Empire Strikes Back (1980),X-Men (2000),"Hunt for Red October, The (1990)",Heat (1995),Speed (1994)
457,Enemy of the State (1998),Mission: Impossible (1996),Star Wars: Episode V - The Empire Strikes Back (1980),Terminator 2: Judgment Day (1991),Total Recall (1990)
458,X-Men (2000),Star Wars: Episode V - The Empire Strikes Back (1980),Terminator 2: Judgment Day (1991),Mission: Impossible (1996),Heat (1995)
459,Total Recall (1990),Heat (1995),Enemy of the State (1998),Speed (1994),Mission: Impossible (1996)
460,X-Men (2000),Star Wars: Episode V - The Empire Strikes Back (1980),Terminator 2: Judgment Day (1991),Mission: Impossible (1996),Heat (1995)
461,Star Wars: Episode V - The Empire Strikes Back (1980),Enemy of the State (1998),Demolition Man (1993),Total Recall (1990),"Hunt for Red October, The (1990)"
462,X-Men (2000),"Hunt for Red October, The (1990)",Total Recall (1990),Heat (1995),Speed (1994)
463,X-Men (2000),Total Recall (1990),Speed (1994),Enemy of the State (1998),Heat (1995)
464,X-Men (2000),Star Wars: Episode V - The Empire Strikes Back (1980),Terminator 2: Judgment Day (1991),Mission: Impossible (1996),Heat (1995)
465,Mission: Impossible (1996),Enemy of the State (1998),Heat (1995),"Hunt for Red October, The (1990)",X-Men (2000)
466,Enemy of the State (1998),Star Wars: Episode V - The Empire Strikes Back (1980),Demolition Man (1993),Speed (1994),Mission: Impossible (1996)
467,X-Men (2000),Star Wars: Episode V - The Empire Strikes Back (1980),Terminator 2: Judgment Day (1991),Mission: Impossible (1996),Heat (1995)
468,Star Wars: Episode V - The Empire Strikes Back (1980),Terminator 2: Judgment Day (1991),Heat (1995),Enemy of the State (1998),Total Recall (1990)
469,Star Wars: Episode V - The Empire Strikes Back (1980),Terminator 2: Judgment Day (1991),Heat (1995),Enemy of the State (1998),Total Recall (1990)
470,Enemy of the State (1998),Star Wars: Episode V - The Empire Strikes Back (1980),Demolition Man (1993),"Hunt for Red October, The (1990)","Rock, The (1996)"
471,X-Men (2000),Star Wars: Episode V - The Empire Strikes Back (1980),Terminator 2: Judgment Day (1991),Mission: Impossible (1996),Heat (1995)
472,Mission: Impossible (1996),Star Wars: Episode V - The Empire Strikes Back (1980),Demolition Man (1993),Total Recall (1990),Enemy of the State (1998)
473,X-Men (2000),Star Wars: Episode V - The Empire Strikes Back (1980),Terminator 2: Judgment Day (1991),Mission: Impossible (1996),Heat (1995)
475,Mission: Impossible (1996),Enemy of the State (1998),X-Men (2000),Star Wars: Episode V - The Empire Strikes Back (1980),Heat (1995)
476,Star Wars: Episode V - The Empire Strikes Back (1980),Terminator 2: Judgment Day (1991),Heat (1995),Enemy of the State (1998),Mission: Impossible (1996)
477,Star Wars: Episode V - The Empire Strikes Back (1980),Heat (1995),Enemy of the State (1998),Total Recall (1990),Speed (1994)
478,Star Wars: Episode V - The Empire Strikes Back (1980),Terminator 2: Judgment Day (1991),Heat (1995),Enemy of the State (1998),Total Recall (1990)
479,Star Wars: Episode V - The Empire Strikes Back (1980),Terminator 2: Judgment Day (1991),Heat (1995),Enemy of the State (1998),Mission: Impossible (1996)
480,Star Wars: Episode V - The Empire Strikes Back (1980),Terminator 2: Judgment Day (1991),Heat (1995),Enemy of the State (1998),Mission: Impossible (1996)
481,Star Wars: Episode V - The Empire Strikes Back (1980),Terminator 2: Judgment Day (1991),Heat (1995),Enemy of the State (1998),Mission: Impossible (1996)
482,Star Wars: Episode V - The Empire Strikes Back (1980),Heat (1995),Enemy of the State (1998),Total Recall (1990),"Hunt for Red October, The (1990)"
483,Star Wars: Episode V - The Empire Strikes Back (1980),X-Men (2000),Speed (1994),Heat (1995),Enemy of the State (1998)
484,X-Men (2000),Star Wars: Episode V - The Empire Strikes Back (1980),Terminator 2: Judgment Day (1991),Mission: Impossible (1996),Heat (1995)
485,X-Men (2000),Star Wars: Episode V - The Empire Strikes Back (1980),"Hunt for Red October, The (1990)",Heat (1995),Speed (1994)
486,Star Wars: Episode V - The Empire Strikes Back (1980),X-Men (2000),"Hunt for Red October, The (1990)",Heat (1995),Speed (1994)
487,X-Men (2000),Star Wars: Episode V - The Empire Strikes Back (1980),Terminator 2: Judgment Day (1991),Mission: Impossible (1996),Heat (1995)
488,X-Men (2000),Star Wars: Episode V - The Empire Strikes Back (1980),"Hunt for Red October, The (1990)",Heat (1995),Speed (1994)
489,X-Men (2000),Mission: Impossible (1996),"Hunt for Red October, The (1990)",Heat (1995),Enemy of the State (1998)
490,X-Men (2000),Star Wars: Episode V - The Empire Strikes Back (1980),Terminator 2: Judgment Day (1991),Mission: Impossible (1996),Heat (1995)
491,Mission: Impossible (1996),X-Men (2000),Enemy of the State (1998),Heat (1995),"Hunt for Red October, The (1990)"
492,Enemy of the State (1998),"Rock, The (1996)",Mission: Impossible (1996),X-Men (2000),Star Wars: Episode V - The Empire Strikes Back (1980)
493,X-Men (2000),Star Wars: Episode V - The Empire Strikes Back (1980),Terminator 2: Judgment Day (1991),Mission: Impossible (1996),Heat (1995)
494,Mission: Impossible (1996),Speed (1994),Enemy of the State (1998),X-Men (2000),Terminator 2: Judgment Day (1991)
495,X-Men (2000),Star Wars: Episode V - The Empire Strikes Back (1980),Terminator 2: Judgment Day (1991),Mission: Impossible (1996),Heat (1995)
496,X-Men (2000),Star Wars: Episode V - The Empire Strikes Back (1980),Heat (1995),Enemy of the State (1998),"Rock, The (1996)"
497,X-Men (2000),Star Wars: Episode V - The Empire Strikes Back (1980),Terminator 2: Judgment Day (1991),Mission: Impossible (1996),Heat (1995)
498,Star Wars: Episode V - The Empire Strikes Back (1980),X-Men (2000),Heat (1995),Speed (1994),Enemy of the State (1998)
499,Speed (1994),Mission: Impossible (1996),"Rock, The (1996)",Heat (1995),Terminator 2: Judgment Day (1991)
500,X-Men (2000),Star Wars: Episode V - The Empire Strikes Back (1980),Terminator 2: Judgment Day (1991),Mission: Impossible (1996),Heat (1995)
502,X-Men (2000),Star Wars: Episode V - The Empire Strikes Back (1980),Heat (1995),"Hunt for Red October, The (1990)",Speed (1994)
503,Gladiator (2000),Terminator 2: Judgment Day (1991),Total Recall (1990),Demolition Man (1993),Heat (1995)
504,Gladiator (2000),Terminator 2: Judgment Day (1991),Total Recall (1990),"Hunt for Red October, The (1990)",Demolition Man (1993)
505,Gladiator (2000),Star Wars: Episode V - The Empire Strikes Back (1980),Terminator 2: Judgment Day (1991),Total Recall (1990),Demolition Man (1993)
506,Enemy of the State (1998),Demolition Man (1993),Star Wars: Episode V - The Empire Strikes Back (1980),Gladiator (2000),Speed (1994)
507,Gladiator (2000),Star Wars: Episode V - The Empire Strikes Back (1980),Terminator 2: Judgment Day (1991),Total Recall (1990),Demolition Man (1993)
509,Star Wars: Episode V - The Empire Strikes Back (1980),Gladiator (2000),Total Recall (1990),Demolition Man (1993),Heat (1995)
510,Gladiator (2000),Total Recall (1990),Star Wars: Episode V - The Empire Strikes Back (1980),Heat (1995),Demolition Man (1993)
511,Gladiator (2000),Terminator 2: Judgment Day (1991),Total Recall (1990),"Hunt for Red October, The (1990)",Demolition Man (1993)
512,Gladiator (2000),Star Wars: Episode V - The Empire Strikes Back (1980),Terminator 2: Judgment Day (1991),Total Recall (1990),Demolition Man (1993)
514,Gladiator (2000),Star Wars: Episode V - The Empire Strikes Back (1980),Terminator 2: Judgment Day (1991),Total Recall (1990),Demolition Man (1993)
515,Gladiator (2000),Star Wars: Episode V - The Empire Strikes Back (1980),Terminator 2: Judgment Day (1991),Total Recall (1990),Demolition Man (1993)
517,Star Wars: Episode V - The Empire Strikes Back (1980),Gladiator (2000),Total Recall (1990),Demolition Man (1993),Heat (1995)
518,Demolition Man (1993),Enemy of the State (1998),Speed (1994),"Hunt for Red October, The (1990)","Rock, The (1996)"
519,Gladiator (2000),Star Wars: Episode V - The Empire Strikes Back (1980),Terminator 2: Judgment Day (1991),Total Recall (1990),Demolition Man (1993)
520,Gladiator (2000),Total Recall (1990),Demolition Man (1993),Heat (1995),Enemy of the State (1998)
521,Gladiator (2000),Star Wars: Episode V - The Empire Strikes Back (1980),Terminator 2: Judgment Day (1991),Total Recall (1990),Demolition Man (1993)
522,Gladiator (2000),Terminator 2: Judgment Day (1991),Total Recall (1990),Enemy of the State (1998),Heat (1995)
523,Gladiator (2000),Star Wars: Episode V - The Empire Strikes Back (1980),Terminator 2: Judgment Day (1991),Total Recall (1990),Demolition Man (1993)
525,Gladiator (2000),Star Wars: Episode V - The Empire Strikes Back (1980),Terminator 2: Judgment Day (1991),Total Recall (1990),Demolition Man (1993)
527,Gladiator (2000),Terminator 2: Judgment Day (1991),Total Recall (1990),"Hunt for Red October, The (1990)",Demolition Man (1993)
528,Gladiator (2000),Terminator 2: Judgment Day (1991),Total Recall (1990),Demolition Man (1993),Heat (1995)
529,Gladiator (2000),Star Wars: Episode V - The Empire Strikes Back (1980),Terminator 2: Judgment Day (1991),Total Recall (1990),Demolition Man (1993)
530,Gladiator (2000),Star Wars: Episode V - The Empire Strikes Back (1980),Terminator 2: Judgment Day (1991),Total Recall (1990),Demolition Man (1993)
531,Gladiator (2000),Star Wars: Episode V - The Empire Strikes Back (1980),Terminator 2: Judgment Day (1991),Total Recall (1990),Demolition Man (1993)
532,Gladiator (2000),Star Wars: Episode V - The Empire Strikes Back (1980),Terminator 2: Judgment Day (1991),Total Recall (1990),Demolition Man (1993)
533,Total Recall (1990),Enemy of the State (1998),Mission: Impossible (1996),Gladiator (2000),Star Wars: Episode V - The Empire Strikes Back (1980)
534,"Rock, The (1996)",Enemy of the State (1998),Heat (1995),Mission: Impossible (1996),Total Recall (1990)
535,Total Recall (1990),X-Men (2000),Gladiator (2000),Enemy of the State (1998),Heat (1995)
536,Terminator 2: Judgment Day (1991),Total Recall (1990),X-Men (2000),Gladiator (2000),Enemy of the State (1998)
537,Terminator 2: Judgment Day (1991),Total Recall (1990),X-Men (2000),Gladiator (2000),Enemy of the State (1998)
538,Total Recall (1990),X-Men (2000),Gladiator (2000),Speed (1994),Enemy of the State (1998)
539,Enemy of the State (1998),Speed (1994),Total Recall (1990),Terminator 2: Judgment Day (1991),"Rock, The (1996)"
540,Total Recall (1990),X-Men (2000),Gladiator (2000),Enemy of the State (1998),Heat (1995)
541,Terminator 2: Judgment Day (1991),Total Recall (1990),X-Men (2000),Gladiator (2000),Enemy of the State (1998)
542,Terminator 2: Judgment Day (1991),Total Recall (1990),Gladiator (2000),X-Men (2000),Enemy of the State (1998)
543,Total Recall (1990),Star Wars: Episode V - The Empire Strikes Back (1980),Enemy of the State (1998),Speed (1994),Heat (1995)
544,Total Recall (1990),"Rock, The (1996)",Speed (1994),Mission: Impossible (1996),Enemy of the State (1998)
545,Enemy of the State (1998),Speed (1994),Total Recall (1990),Terminator 2: Judgment Day (1991),"Rock, The (1996)"
546,Total Recall (1990),X-Men (2000),Gladiator (2000),Speed (1994),Enemy of the State (1998)
547,Enemy of the State (1998),Speed (1994),Total Recall (1990),Terminator 2: Judgment Day (1991),"Rock, The (1996)"
548,Enemy of the State (1998),Speed (1994),"Rock, The (1996)",Mission: Impossible (1996),Demolition Man (1993)
550,Enemy of the State (1998),Mission: Impossible (1996),Speed (1994),Heat (1995),Total Recall (1990)
551,Enemy of the State (1998),Speed (1994),Total Recall (1990),Terminator 2: Judgment Day (1991),"Rock, The (1996)"
552,Total Recall (1990),Enemy of the State (1998),Star Wars: Episode V - The Empire Strikes Back (1980),Speed (1994),Heat (1995)
553,Terminator 2: Judgment Day (1991),X-Men (2000),Total Recall (1990),Gladiator (2000),Enemy of the State (1998)
554,Enemy of the State (1998),Speed (1994),"Rock, The (1996)",Mission: Impossible (1996),Demolition Man (1993)
555,Enemy of the State (1998),Mission: Impossible (1996),Heat (1995),Total Recall (1990),Demolition Man (1993)
556,Total Recall (1990),Enemy of the State (1998),Star Wars: Episode V - The Empire Strikes Back (1980),Heat (1995),"Rock, The (1996)"
558,Enemy of the State (1998),"Rock, The (1996)",Heat (1995),Mission: Impossible (1996),Total Recall (1990)
559,Speed (1994),Enemy of the State (1998),"Rock, The (1996)",Mission: Impossible (1996),Demolition Man (1993)
560,Enemy of the State (1998),Speed (1994),Total Recall (1990),Terminator 2: Judgment Day (1991),"Rock, The (1996)"
561,Speed (1994),Enemy of the State (1998),"Rock, The (1996)",Demolition Man (1993),Mission: Impossible (1996)
562,Total Recall (1990),Enemy of the State (1998),Speed (1994),Star Wars: Episode V - The Empire Strikes Back (1980),Heat (1995)
563,Total Recall (1990),Star Wars: Episode V - The Empire Strikes Back (1980),Speed (1994),Enemy of the State (1998),Gladiator (2000)
564,Enemy of the State (1998),Mission: Impossible (1996),Total Recall (1990),Heat (1995),Demolition Man (1993)
565,Enemy of the State (1998),Speed (1994),Total Recall (1990),Terminator 2: Judgment Day (1991),"Rock, The (1996)"
566,Total Recall (1990),X-Men (2000),Gladiator (2000),"Hunt for Red October, The (1990)",Heat (1995)
567,"Hunt for Red October, The (1990)",Speed (1994),Mission: Impossible (1996),Demolition Man (1993),Total Recall (1990)
568,X-Men (2000),Total Recall (1990),Gladiator (2000),"Hunt for Red October, The (1990)",Demolition Man (1993)
569,Total Recall (1990),"Hunt for Red October, The (1990)",Speed (1994),"Rock, The (1996)",Heat (1995)
570,X-Men (2000),Total Recall (1990),Gladiator (2000),"Hunt for Red October, The (1990)",Demolition Man (1993)
571,Total Recall (1990),X-Men (2000),Gladiator (2000),"Hunt for Red October, The (1990)",Demolition Man (1993)
572,Total Recall (1990),X-Men (2000),Gladiator (2000),"Hunt for Red October, The (1990)",Demolition Man (1993)
573,Total Recall (1990),Star Wars: Episode V - The Empire Strikes Back (1980),X-Men (2000),Gladiator (2000),"Hunt for Red October, The (1990)"
574,Total Recall (1990),Star Wars: Episode V - The Empire Strikes Back (1980),X-Men (2000),Gladiator (2000),"Hunt for Red October, The (1990)"
575,Total Recall (1990),Star Wars: Episode V - The Empire Strikes Back (1980),X-Men (2000),Gladiator (2000),"Hunt for Red October, The (1990)"
577,Total Recall (1990),X-Men (2000),Gladiator (2000),"Hunt for Red October, The (1990)",Demolition Man (1993)
578,Total Recall (1990),Star Wars: Episode V - The Empire Strikes Back (1980),X-Men (2000),Gladiator (2000),"Hunt for Red October, The (1990)"
579,Total Recall (1990),Star Wars: Episode V - The Empire Strikes Back (1980),X-Men (2000),Gladiator (2000),"Hunt for Red October, The (1990)"
580,Total Recall (1990),X-Men (2000),Gladiator (2000),"Hunt for Red October, The (1990)",Demolition Man (1993)
582,Total Recall (1990),X-Men (2000),Gladiator (2000),"Hunt for Red October, The (1990)",Demolition Man (1993)
583,Total Recall (1990),Star Wars: Episode V - The Empire Strikes Back (1980),X-Men (2000),Gladiator (2000),"Hunt for Red October, The (1990)"
584,Total Recall (1990),Star Wars: Episode V - The Empire Strikes Back (1980),X-Men (2000),Gladiator (2000),"Hunt for Red October, The (1990)"
586,Total Recall (1990),Star Wars: Episode V - The Empire Strikes Back (1980),X-Men (2000),Gladiator (2000),"Hunt for Red October, The (1990)"
587,Total Recall (1990),Star Wars: Episode V - The Empire Strikes Back (1980),X-Men (2000),Gladiator (2000),"Hunt for Red October, The (1990)"
588,Total Recall (1990),X-Men (2000),Gladiator (2000),"Hunt for Red October, The (1990)",Demolition Man (1993)
591,Total Recall (1990),Star Wars: Episode V - The Empire Strikes Back (1980),X-Men (2000),Gladiator (2000),"Hunt for Red October, The (1990)"
592,Total Recall (1990),Star Wars: Episode V - The Empire Strikes Back (1980),X-Men (2000),Gladiator (2000),"Hunt for Red October, The (1990)"
593,Total Recall (1990),Star Wars: Episode V - The Empire Strikes Back (1980),X-Men (2000),Gladiator (2000),"Hunt for Red October, The (1990)"
594,Total Recall (1990),Star Wars: Episode V - The Empire Strikes Back (1980),X-Men (2000),Gladiator (2000),"Hunt for Red October, The (1990)"
595,Total Recall (1990),X-Men (2000),Gladiator (2000),"Hunt for Red October, The (1990)",Demolition Man (1993)
596,Total Recall (1990),Star Wars: Episode V - The Empire Strikes Back (1980),X-Men (2000),Gladiator (2000),"Hunt for Red October, The (1990)"
597,Total Recall (1990),Star Wars: Episode V - The Empire Strikes Back (1980),X-Men (2000),Gladiator (2000),"Hunt for Red October, The (1990)"
598,Total Recall (1990),Star Wars: Episode V - The Empire Strikes Back (1980),X-Men (2000),Gladiator (2000),"Hunt for Red October, The (1990)"
599,Total Recall (1990),Star Wars: Episode V - The Empire Strikes Back (1980),"Hunt for Red October, The (1990)",Gladiator (2000),Heat (1995)
600,X-Men (2000),Total Recall (1990),Gladiator (2000),"Hunt for Red October, The (1990)",Demolition Man (1993)
601,Total Recall (1990),Star Wars: Episode V - The Empire Strikes Back (1980),X-Men (2000),Gladiator (2000),"Hunt for Red October, The (1990)"
602,Total Recall (1990),X-Men (2000),"Hunt for Red October, The (1990)",Gladiator (2000),Speed (1994)
603,X-Men (2000),Total Recall (1990),Gladiator (2000),"Hunt for Red October, The (1990)",Demolition Man (1993)
605,Total Recall (1990),Star Wars: Episode V - The Empire Strikes Back (1980),X-Men (2000),Gladiator (2000),"Hunt for Red October, The (1990)"
606,Total Recall (1990),Star Wars: Episode V - The Empire Strikes Back (1980),X-Men (2000),Gladiator (2000),"Hunt for Red October, The (1990)"
607,X-Men (2000),Total Recall (1990),Gladiator (2000),"Hunt for Red October, The (1990)",Demolition Man (1993)
609,Total Recall (1990),Star Wars: Episode V - The Empire Strikes Back (1980),X-Men (2000),Gladiator (2000),"Hunt for Red October, The (1990)"
610,Total Recall (1990),Star Wars: Episode V - The Empire Strikes Back (1980),X-Men (2000),Gladiator (2000),"Hunt for Red October, The (1990)"
612,Total Recall (1990),Star Wars: Episode V - The Empire Strikes Back (1980),X-Men (2000),Gladiator (2000),"Hunt for Red October, The (1990)"
614,Total Recall (1990),Star Wars: Episode V - The Empire Strikes Back (1980),X-Men (2000),Gladiator (2000),"Hunt for Red October, The (1990)"
615,Total Recall (1990),Star Wars: Episode V - The Empire Strikes Back (1980),X-Men (2000),Gladiator (2000),"Hunt for Red October, The (1990)"
617,"Hunt for Red October, The (1990)","Rock, The (1996)",Total Recall (1990),Heat (1995),Mission: Impossible (1996)
619,Total Recall (1990),Star Wars: Episode V - The Empire Strikes Back (1980),X-Men (2000),Gladiator (2000),"Hunt for Red October, The (1990)"
620,Total Recall (1990),"Hunt for Red October, The (1990)",Enemy of the State (1998),Mission: Impossible (1996),Heat (1995)
622,Total Recall (1990),Star Wars: Episode V - The Empire Strikes Back (1980),X-Men (2000),Gladiator (2000),"Hunt for Red October, The (1990)"
623,Total Recall (1990),"Hunt for Red October, The (1990)",Heat (1995),"Rock, The (1996)",Enemy of the State (1998)
624,Total Recall (1990),Star Wars: Episode V - The Empire Strikes Back (1980),X-Men (2000),Gladiator (2000),"Hunt for Red October, The (1990)"
625,Mission: Impossible (1996),"Hunt for Red October, The (1990)",Speed (1994),Total Recall (1990),Heat (1995)
626,Total Recall (1990),Star Wars: Episode V - The Empire Strikes Back (1980),X-Men (2000),Gladiator (2000),"Hunt for Red October, The (1990)"
627,Total Recall (1990),Star Wars: Episode V - The Empire Strikes Back (1980),X-Men (2000),Gladiator (2000),"Hunt for Red October, The (1990)"
628,Total Recall (1990),Star Wars: Episode V - The Empire Strikes Back (1980),X-Men (2000),Gladiator (2000),"Hunt for Red October, The (1990)"
629,Total Recall (1990),Star Wars: Episode V - The Empire Strikes Back (1980),X-Men (2000),Gladiator (2000),"Hunt for Red October, The (1990)"
630,Speed (1994),Enemy of the State (1998),"Hunt for Red October, The (1990)",Demolition Man (1993),"Rock, The (1996)"
631,"Hunt for Red October, The (1990)",X-Men (2000),Terminator 2: Judgment Day (1991),Speed (1994),Gladiator (2000)
632,Speed (1994),Enemy of the State (1998),"Hunt for Red October, The (1990)",Demolition Man (1993),"Rock, The (1996)"
633,Speed (1994),Enemy of the State (1998),"Hunt for Red October, The (1990)",Demolition Man (1993),"Rock, The (1996)"
634,"Hunt for Red October, The (1990)",X-Men (2000),Terminator 2: Judgment Day (1991),Speed (1994),Gladiator (2000)
635,Speed (1994),Enemy of the State (1998),"Hunt for Red October, The (1990)",Demolition Man (1993),"Rock, The (1996)"
636,Speed (1994),Enemy of the State (1998),"Hunt for Red October, The (1990)",Demolition Man (1993),"Rock, The (1996)"
637,Enemy of the State (1998),Mission: Impossible (1996),"Hunt for Red October, The (1990)",Demolition Man (1993),Total Recall (1990)
638,Enemy of the State (1998),Mission: Impossible (1996),"Hunt for Red October, The (1990)",Demolition Man (1993),Total Recall (1990)
639,Speed (1994),Enemy of the State (1998),"Hunt for Red October, The (1990)",Demolition Man (1993),"Rock, The (1996)"
640,Total Recall (1990),X-Men (2000),Terminator 2: Judgment Day (1991),Gladiator (2000),"Hunt for Red October, The (1990)"
641,Total Recall (1990),Mission: Impossible (1996),"Rock, The (1996)",Speed (1994),Star Wars: Episode V - The Empire Strikes Back (1980)
642,Total Recall (1990),Mission: Impossible (1996),"Rock, The (1996)",Speed (1994),Star Wars: Episode V - The Empire Strikes Back (1980)
644,Total Recall (1990),Mission: Impossible (1996),"Rock, The (1996)",Speed (1994),Star Wars: Episode V - The Empire Strikes Back (1980)
645,Mission: Impossible (1996),Speed (1994),Enemy of the State (1998),Demolition Man (1993),"Hunt for Red October, The (1990)"
646,X-Men (2000),Terminator 2: Judgment Day (1991),Gladiator (2000),"Hunt for Red October, The (1990)",Total Recall (1990)
647,Mission: Impossible (1996),Speed (1994),Enemy of the State (1998),Demolition Man (1993),"Hunt for Red October, The (1990)"
648,Mission: Impossible (1996),Speed (1994),Enemy of the State (1998),Demolition Man (1993),"Hunt for Red October, The (1990)"
649,Mission: Impossible (1996),Enemy of the State (1998),"Hunt for Red October, The (1990)",Heat (1995),Demolition Man (1993)
650,"Rock, The (1996)",Heat (1995),Enemy of the State (1998),"Hunt for Red October, The (1990)",Mission: Impossible (1996)
651,X-Men (2000),Terminator 2: Judgment Day (1991),Gladiator (2000),Total Recall (1990),"Hunt for Red October, The (1990)"
653,"Rock, The (1996)",Heat (1995),Enemy of the State (1998),"Hunt for Red October, The (1990)",Mission: Impossible (1996)
654,"Rock, The (1996)",Heat (1995),Enemy of the State (1998),"Hunt for Red October, The (1990)",Mission: Impossible (1996)
655,"Rock, The (1996)",Heat (1995),Enemy of the State (1998),"Hunt for Red October, The (1990)",Mission: Impossible (1996)
657,"Rock, The (1996)",Heat (1995),Enemy of the State (1998),"Hunt for Red October, The (1990)",Mission: Impossible (1996)
658,"Rock, The (1996)",Heat (1995),Enemy of the State (1998),"Hunt for Red October, The (1990)",Mission: Impossible (1996)
659,"Rock, The (1996)","Hunt for Red October, The (1990)",Mission: Impossible (1996),Heat (1995),Total Recall (1990)
660,"Rock, The (1996)",Heat (1995),Enemy of the State (1998),"Hunt for Red October, The (1990)",Mission: Impossible (1996)
662,"Rock, The (1996)",Heat (1995),Enemy of the State (1998),"Hunt for Red October, The (1990)",Mission: Impossible (1996)
663,X-Men (2000),Terminator 2: Judgment Day (1991),Gladiator (2000),Total Recall (1990),"Hunt for Red October, The (1990)"
664,X-Men (2000),Terminator 2: Judgment Day (1991),Gladiator (2000),Total Recall (1990),"Hunt for Red October, The (1990)"
665,X-Men (2000),Terminator 2: Judgment Day (1991),Gladiator (2000),Total Recall (1990),"Hunt for Red October, The (1990)"
666,X-Men (2000),Terminator 2: Judgment Day (1991),Gladiator (2000),Total Recall (1990),"Hunt for Red October, The (1990)"
667,X-Men (2000),Terminator 2: Judgment Day (1991),Gladiator (2000),Total Recall (1990),"Hunt for Red October, The (1990)"
668,X-Men (2000),Terminator 2: Judgment Day (1991),Gladiator (2000),Total Recall (1990),"Hunt for Red October, The (1990)"
669,X-Men (2000),Terminator 2: Judgment Day (1991),Gladiator (2000),Total Recall (1990),"Hunt for Red October, The (1990)"
670,X-Men (2000),Terminator 2: Judgment Day (1991),Gladiator (2000),Total Recall (1990),"Hunt for Red October, The (1990)"
672,X-Men (2000),Terminator 2: Judgment Day (1991),Gladiator (2000),Total Recall (1990),"Hunt for Red October, The (1990)"
673,X-Men (2000),Terminator 2: Judgment Day (1991),Gladiator (2000),Total Recall (1990),"Hunt for Red October, The (1990)"
675,X-Men (2000),Terminator 2: Judgment Day (1991),Gladiator (2000),Total Recall (1990),"Hunt for Red October, The (1990)"
676,X-Men (2000),Terminator 2: Judgment Day (1991),Gladiator (2000),Total Recall (1990),"Hunt for Red October, The (1990)"
677,X-Men (2000),Terminator 2: Judgment Day (1991),Gladiator (2000),Total Recall (1990),"Hunt for Red October, The (1990)"
678,X-Men (2000),Terminator 2: Judgment Day (1991),Gladiator (2000),Total Recall (1990),"Hunt for Red October, The (1990)"
679,X-Men (2000),Terminator 2: Judgment Day (1991),Gladiator (2000),Total Recall (1990),"Hunt for Red October, The (1990)"
680,X-Men (2000),Terminator 2: Judgment Day (1991),Gladiator (2000),Total Recall (1990),"Hunt for Red October, The (1990)"
681,X-Men (2000),Terminator 2: Judgment Day (1991),Gladiator (2000),Total Recall (1990),"Hunt for Red October, The (1990)"
683,X-Men (2000),Terminator 2: Judgment Day (1991),Gladiator (2000),Total Recall (1990),"Hunt for Red October, The (1990)"
684,X-Men (2000),Terminator 2: Judgment Day (1991),Gladiator (2000),Total Recall (1990),"Hunt for Red October, The (1990)"
685,X-Men (2000),Terminator 2: Judgment Day (1991),Gladiator (2000),Total Recall (1990),"Hunt for Red October, The (1990)"
686,X-Men (2000),Terminator 2: Judgment Day (1991),Gladiator (2000),Total Recall (1990),"Hunt for Red October, The (1990)"
687,X-Men (2000),Terminator 2: Judgment Day (1991),Gladiator (2000),Total Recall (1990),"Hunt for Red October, The (1990)"
688,X-Men (2000),Terminator 2: Judgment Day (1991),Gladiator (2000),Total Recall (1990),"Hunt for Red October, The (1990)"
689,X-Men (2000),Terminator 2: Judgment Day (1991),Gladiator (2000),Total Recall (1990),"Hunt for Red October, The (1990)"
690,X-Men (2000),Terminator 2: Judgment Day (1991),Gladiator (2000),Total Recall (1990),"Hunt for Red October, The (1990)"
691,X-Men (2000),Terminator 2: Judgment Day (1991),Gladiator (2000),Total Recall (1990),"Hunt for Red October, The (1990)"
692,X-Men (2000),Terminator 2: Judgment Day (1991),Gladiator (2000),Total Recall (1990),"Hunt for Red October, The (1990)"
694,X-Men (2000),Terminator 2: Judgment Day (1991),Gladiator (2000),Total Recall (1990),"Hunt for Red October, The (1990)"
695,X-Men (2000),Terminator 2: Judgment Day (1991),Gladiator (2000),Total Recall (1990),"Hunt for Red October, The (1990)"
696,X-Men (2000),Terminator 2: Judgment Day (1991),Gladiator (2000),Total Recall (1990),"Hunt for Red October, The (1990)"
697,X-Men (2000),Terminator 2: Judgment Day (1991),Gladiator (2000),Total Recall (1990),"Hunt for Red October, The (1990)"
